{"odr":1001,"belong":"所長","idb":1,"name":"佐藤　一弘","tel":"3082","memo":"","alunch":"×","slunch":"×","kubun":"","dest":"","period":"","sign1":"","signd1":"","sign2":"","signd2":"","remark":"","sdate":"2021-09-01","_id":"8202109011800000"}
{"odr":1002,"belong":"プロセス研究部長<br>兼研究推進部長","idb":1,"name":"高尾　健一","tel":"3300","memo":"","alunch":"○","slunch":"○","kubun":"","dest":"","period":"","sign1":"","signd1":"","sign2":"","signd2":"","remark":"","sdate":"2021-09-01","_id":"8202109011800001"}
{"odr":1003,"belong":"マテリアル研究部長","idb":1,"name":"石崎　庸一","tel":"3070","memo":"","alunch":"○","slunch":"○","kubun":"","dest":"","period":"","sign1":"","signd1":"","sign2":"","signd2":"","remark":"","sdate":"2021-09-01","_id":"8202109011800002"}
{"odr":2001,"belong":"機能材料研究室","idb":2,"name":"大橋　和彰","tel":"3103","memo":"","alunch":"○","slunch":"○","kubun":"","dest":"","period":"","sign1":"","signd1":"","sign2":"","signd2":"","remark":"","sdate":"2021-09-01","_id":"8202109011800003"}
{"odr":2002,"belong":"機能材料研究室","idb":2,"name":"苅部　林也","tel":"3095","memo":"","alunch":"×","slunch":"×","kubun":"","dest":"","period":"","sign1":"","signd1":"","sign2":"","signd2":"","remark":"","sdate":"2021-09-01","_id":"8202109011800004"}
{"odr":2003,"belong":"機能材料研究室","idb":2,"name":"鈴木　太郎","tel":"3412","memo":"","alunch":"○","slunch":"○","kubun":"","dest":"","period":"","sign1":"","signd1":"","sign2":"","signd2":"","remark":"","sdate":"2021-09-01","_id":"8202109011800005"}
{"odr":2004,"belong":"機能材料研究室","idb":2,"name":"小沢　和美","tel":"3113","memo":"","alunch":"×","slunch":"×","kubun":"","dest":"","period":"","sign1":"","signd1":"","sign2":"","signd2":"","remark":"","sdate":"2021-09-01","_id":"8202109011800006"}
{"odr":2005,"belong":"機能材料研究室","idb":2,"name":"小坂　泰啓","tel":"3105","memo":"","alunch":"○","slunch":"○","kubun":"","dest":"","period":"","sign1":"","signd1":"","sign2":"","signd2":"","remark":"","sdate":"2021-09-01","_id":"8202109011800007"}
{"odr":2006,"belong":"機能材料研究室","idb":2,"name":"田中　郷史","tel":"3209","memo":"","alunch":"○","slunch":"○","kubun":"","dest":"","period":"","sign1":"","signd1":"","sign2":"","signd2":"","remark":"","sdate":"2021-09-01","_id":"8202109011800008"}
{"odr":2007,"belong":"機能材料研究室","idb":2,"name":"緒方　章子","tel":"3112","memo":"","alunch":"×","slunch":"×","kubun":"","dest":"","period":"","sign1":"","signd1":"","sign2":"","signd2":"","remark":"","sdate":"2021-09-01","_id":"8202109011800009"}
{"odr":2008,"belong":"機能材料研究室","idb":2,"name":"戸谷　貴彦","tel":"3217","memo":"","alunch":"○","slunch":"○","kubun":"","dest":"","period":"","sign1":"","signd1":"","sign2":"","signd2":"","remark":"","sdate":"2021-09-01","_id":"8202109011800010"}
{"odr":2009,"belong":"機能材料研究室","idb":2,"name":"南郷　瞬也","tel":"3317","memo":"","alunch":"○","slunch":"○","kubun":"","dest":"","period":"","sign1":"","signd1":"","sign2":"","signd2":"","remark":"","sdate":"2021-09-01","_id":"8202109011800011"}
{"odr":2010,"belong":"機能材料研究室","idb":2,"name":"柏倉　拓也","tel":"3110","memo":"","alunch":"○","slunch":"○","kubun":"","dest":"","period":"","sign1":"","signd1":"","sign2":"","signd2":"","remark":"","sdate":"2021-09-01","_id":"8202109011800012"}
{"odr":2011,"belong":"機能材料研究室","idb":2,"name":"奥山　真平","tel":"3202","memo":"","alunch":"×","slunch":"×","kubun":"","dest":"","period":"","sign1":"","signd1":"","sign2":"","signd2":"","remark":"","sdate":"2021-09-01","_id":"8202109011800013"}
{"odr":2012,"belong":"機能材料研究室","idb":2,"name":"三溝　真梨子","tel":"3097","memo":"","alunch":"○","slunch":"×","kubun":"","dest":"","period":"","sign1":"","signd1":"","sign2":"","signd2":"","remark":"","sdate":"2021-09-01","_id":"8202109011800014"}
{"odr":2013,"belong":"機能材料研究室","idb":2,"name":"小関　修","tel":"3206","memo":"","alunch":"×","slunch":"×","kubun":"","dest":"","period":"","sign1":"","signd1":"","sign2":"","signd2":"","remark":"","sdate":"2021-09-01","_id":"8202109011800015"}
{"odr":2014,"belong":"機能材料研究室","idb":2,"name":"櫻木　新","tel":"3700","memo":"","alunch":"○","slunch":"○","kubun":"","dest":"","period":"","sign1":"","signd1":"","sign2":"","signd2":"","remark":"","sdate":"2021-09-01","_id":"8202109011800016"}
{"odr":2015,"belong":"機能材料研究室","idb":2,"name":"八木澤　美理","tel":"3706","memo":"","alunch":"×","slunch":"×","kubun":"","dest":"","period":"","sign1":"","signd1":"","sign2":"","signd2":"","remark":"","sdate":"2021-09-01","_id":"8202109011800017"}
{"odr":2016,"belong":"機能材料研究室","idb":2,"name":"高山　圭将","tel":"3712","memo":"","alunch":"○","slunch":"○","kubun":"","dest":"","period":"","sign1":"","signd1":"","sign2":"","signd2":"","remark":"","sdate":"2021-09-01","_id":"8202109011800018"}
{"odr":2017,"belong":"機能材料研究室","idb":2,"name":"生田目　大輔","tel":"3715","memo":"","alunch":"○","slunch":"○","kubun":"","dest":"","period":"","sign1":"","signd1":"","sign2":"","signd2":"","remark":"","sdate":"2021-09-01","_id":"8202109011800019"}
{"odr":2018,"belong":"機能材料研究室","idb":2,"name":"西山　喬晴","tel":"3088","memo":"","alunch":"×","slunch":"×","kubun":"","dest":"","period":"","sign1":"","signd1":"","sign2":"","signd2":"","remark":"","sdate":"2021-09-01","_id":"8202109011800020"}
{"odr":2019,"belong":"機能材料研究室","idb":2,"name":"山本　宏美","tel":"3089","memo":"","alunch":"○","slunch":"○","kubun":"","dest":"","period":"","sign1":"","signd1":"","sign2":"","signd2":"","remark":"","sdate":"2021-09-01","_id":"8202109011800021"}
{"odr":2020,"belong":"機能材料研究室","idb":2,"name":"簾　聡太郎","tel":"3610","memo":"","alunch":"○","slunch":"○","kubun":"","dest":"","period":"","sign1":"","signd1":"","sign2":"","signd2":"","remark":"","sdate":"2021-09-01","_id":"8202109011800022"}
{"odr":2021,"belong":"機能材料研究室","idb":2,"name":"池田　航歩","tel":"3106","memo":"","alunch":"○","slunch":"○","kubun":"","dest":"","period":"","sign1":"","signd1":"","sign2":"","signd2":"","remark":"","sdate":"2021-09-01","_id":"8202109011800023"}
{"odr":3001,"belong":"包装材料研究室","idb":3,"name":"阿久津　洋介","tel":"3200","memo":"","alunch":"○","slunch":"○","kubun":"","dest":"","period":"","sign1":"","signd1":"","sign2":"","signd2":"","remark":"","sdate":"2021-09-01","_id":"8202109011800024"}
{"odr":3002,"belong":"包装材料研究室","idb":3,"name":"山田　俊樹","tel":"3204","memo":"","alunch":"○","slunch":"○","kubun":"","dest":"","period":"","sign1":"","signd1":"","sign2":"","signd2":"","remark":"","sdate":"2021-09-01","_id":"8202109011800025"}
{"odr":3003,"belong":"包装材料研究室","idb":3,"name":"湯淺　義之","tel":"3409","memo":"","alunch":"○","slunch":"○","kubun":"","dest":"","period":"","sign1":"","signd1":"","sign2":"","signd2":"","remark":"","sdate":"2021-09-01","_id":"8202109011800026"}
{"odr":3004,"belong":"包装材料研究室","idb":3,"name":"川眞田　大輔","tel":"3212","memo":"","alunch":"○","slunch":"○","kubun":"","dest":"","period":"","sign1":"","signd1":"","sign2":"","signd2":"","remark":"","sdate":"2021-09-01","_id":"8202109011800027"}
{"odr":3005,"belong":"包装材料研究室","idb":3,"name":"宮井　智弘","tel":"3308","memo":"","alunch":"×","slunch":"×","kubun":"","dest":"","period":"","sign1":"","signd1":"","sign2":"","signd2":"","remark":"","sdate":"2021-09-01","_id":"8202109011800028"}
{"odr":3006,"belong":"包装材料研究室","idb":3,"name":"阿久沢　典男","tel":"3210","memo":"","alunch":"×","slunch":"×","kubun":"","dest":"","period":"","sign1":"","signd1":"","sign2":"","signd2":"","remark":"","sdate":"2021-09-01","_id":"8202109011800029"}
{"odr":3007,"belong":"包装材料研究室","idb":3,"name":"田代　裕樹","tel":"3216","memo":"","alunch":"○","slunch":"○","kubun":"","dest":"","period":"","sign1":"","signd1":"","sign2":"","signd2":"","remark":"","sdate":"2021-09-01","_id":"8202109011800030"}
{"odr":3008,"belong":"包装材料研究室","idb":3,"name":"長濵　英昭","tel":"3211","memo":"","alunch":"○","slunch":"○","kubun":"","dest":"","period":"","sign1":"","signd1":"","sign2":"","signd2":"","remark":"","sdate":"2021-09-01","_id":"8202109011800031"}
{"odr":3009,"belong":"包装材料研究室","idb":3,"name":"澤　芳樹","tel":"3091","memo":"","alunch":"○","slunch":"○","kubun":"","dest":"","period":"","sign1":"","signd1":"","sign2":"","signd2":"","remark":"","sdate":"2021-09-01","_id":"8202109011800032"}
{"odr":3010,"belong":"包装材料研究室","idb":3,"name":"岩本　晋也","tel":"3111","memo":"","alunch":"○","slunch":"○","kubun":"","dest":"","period":"","sign1":"","signd1":"","sign2":"","signd2":"","remark":"","sdate":"2021-09-01","_id":"8202109011800033"}
{"odr":3011,"belong":"包装材料研究室","idb":3,"name":"井口　梓","tel":"3101","memo":"","alunch":"×","slunch":"×","kubun":"","dest":"","period":"","sign1":"","signd1":"","sign2":"","signd2":"","remark":"","sdate":"2021-09-01","_id":"8202109011800034"}
{"odr":3012,"belong":"包装材料研究室","idb":3,"name":"小林　祐介","tel":"3503","memo":"","alunch":"○","slunch":"○","kubun":"","dest":"","period":"","sign1":"","signd1":"","sign2":"","signd2":"","remark":"","sdate":"2021-09-01","_id":"8202109011800035"}
{"odr":3013,"belong":"包装材料研究室","idb":3,"name":"田口　智啓","tel":"3203","memo":"","alunch":"○","slunch":"○","kubun":"","dest":"","period":"","sign1":"","signd1":"","sign2":"","signd2":"","remark":"","sdate":"2021-09-01","_id":"8202109011800036"}
{"odr":3014,"belong":"包装材料研究室","idb":3,"name":"村上　卓生","tel":"3703","memo":"","alunch":"○","slunch":"○","kubun":"","dest":"","period":"","sign1":"","signd1":"","sign2":"","signd2":"","remark":"","sdate":"2021-09-01","_id":"8202109011800037"}
{"odr":3015,"belong":"包装材料研究室","idb":3,"name":"駒形　大樹","tel":"3711","memo":"","alunch":"○","slunch":"○","kubun":"","dest":"","period":"","sign1":"","signd1":"","sign2":"","signd2":"","remark":"","sdate":"2021-09-01","_id":"8202109011800038"}
{"odr":3016,"belong":"包装材料研究室","idb":3,"name":"鶴田　一弘","tel":"3713","memo":"","alunch":"○","slunch":"×","kubun":"","dest":"","period":"","sign1":"","signd1":"","sign2":"","signd2":"","remark":"","sdate":"2021-09-01","_id":"8202109011800039"}
{"odr":3017,"belong":"包装材料研究室","idb":3,"name":"柴田　幸樹","tel":"3717","memo":"","alunch":"○","slunch":"○","kubun":"","dest":"","period":"","sign1":"","signd1":"","sign2":"","signd2":"","remark":"","sdate":"2021-09-01","_id":"8202109011800040"}
{"odr":3018,"belong":"包装材料研究室","idb":3,"name":"杉岡　沙耶","tel":"3714","memo":"","alunch":"○","slunch":"○","kubun":"","dest":"","period":"","sign1":"","signd1":"","sign2":"","signd2":"","remark":"","sdate":"2021-09-01","_id":"8202109011800041"}
{"odr":3019,"belong":"包装材料研究室","idb":3,"name":"赤羽根　敬弘","tel":"3083","memo":"","alunch":"×","slunch":"×","kubun":"","dest":"","period":"","sign1":"","signd1":"","sign2":"","signd2":"","remark":"","sdate":"2021-09-01","_id":"8202109011800042"}
{"odr":3020,"belong":"包装材料研究室","idb":3,"name":"市川　健司","tel":"3084","memo":"","alunch":"×","slunch":"×","kubun":"","dest":"","period":"","sign1":"","signd1":"","sign2":"","signd2":"","remark":"","sdate":"2021-09-01","_id":"8202109011800043"}
{"odr":3021,"belong":"包装材料研究室","idb":3,"name":"土屋　大地","tel":"3087","memo":"","alunch":"×","slunch":"×","kubun":"","dest":"","period":"","sign1":"","signd1":"","sign2":"","signd2":"","remark":"","sdate":"2021-09-01","_id":"8202109011800044"}
{"odr":3022,"belong":"包装材料研究室","idb":3,"name":"伊藤　碧","tel":"3092","memo":"","alunch":"×","slunch":"×","kubun":"","dest":"","period":"","sign1":"","signd1":"","sign2":"","signd2":"","remark":"","sdate":"2021-09-01","_id":"8202109011800045"}
{"odr":3023,"belong":"包装材料研究室","idb":3,"name":"江幡　篤","tel":"3090","memo":"","alunch":"×","slunch":"×","kubun":"","dest":"","period":"","sign1":"","signd1":"","sign2":"","signd2":"","remark":"","sdate":"2021-09-01","_id":"8202109011800046"}
{"odr":3024,"belong":"包装材料研究室","idb":3,"name":"島野　佳織","tel":"3093","memo":"","alunch":"×","slunch":"×","kubun":"","dest":"","period":"","sign1":"","signd1":"","sign2":"","signd2":"","remark":"","sdate":"2021-09-01","_id":"8202109011800047"}
{"odr":3025,"belong":"包装材料研究室","idb":3,"name":"福嶋　萩人","tel":"3066","memo":"","alunch":"○","slunch":"○","kubun":"","dest":"","period":"","sign1":"","signd1":"","sign2":"","signd2":"","remark":"","sdate":"2021-09-01","_id":"8202109011800048"}
{"odr":3026,"belong":"包装材料研究室","idb":3,"name":"前田　慎一郎","tel":"3071","memo":"","alunch":"○","slunch":"○","kubun":"","dest":"","period":"","sign1":"","signd1":"","sign2":"","signd2":"","remark":"","sdate":"2021-09-01","_id":"8202109011800049"}
{"odr":3027,"belong":"包装材料研究室","idb":3,"name":"間嶋　健矢","tel":"3081","memo":"","alunch":"×","slunch":"×","kubun":"","dest":"","period":"","sign1":"","signd1":"","sign2":"","signd2":"","remark":"","sdate":"2021-09-01","_id":"8202109011800050"}
{"odr":3028,"belong":"包装材料研究室","idb":3,"name":"三木　祥平","tel":"3607","memo":"","alunch":"×","slunch":"×","kubun":"","dest":"","period":"","sign1":"","signd1":"","sign2":"","signd2":"","remark":"","sdate":"2021-09-01","_id":"8202109011800051"}
{"odr":3029,"belong":"包装材料研究室","idb":3,"name":"小林　楓","tel":"3109","memo":"","alunch":"○","slunch":"○","kubun":"","dest":"","period":"","sign1":"","signd1":"","sign2":"","signd2":"","remark":"","sdate":"2021-09-01","_id":"8202109011800052"}
{"odr":3030,"belong":"包装材料研究室","idb":3,"name":"野口　誠一郎","tel":"3325","memo":"","alunch":"×","slunch":"×","kubun":"","dest":"","period":"","sign1":"","signd1":"","sign2":"","signd2":"","remark":"","sdate":"2021-09-01","_id":"8202109011800053"}
{"odr":3031,"belong":"包装材料研究室","idb":3,"name":"室江　拓哉","tel":"3504","memo":"","alunch":"×","slunch":"×","kubun":"","dest":"","period":"","sign1":"","signd1":"","sign2":"","signd2":"","remark":"","sdate":"2021-09-01","_id":"8202109011800054"}
{"odr":3032,"belong":"包装材料研究室","idb":3,"name":"門脇　菜穂","tel":"3313","memo":"","alunch":"○","slunch":"○","kubun":"","dest":"","period":"","sign1":"","signd1":"","sign2":"","signd2":"","remark":"","sdate":"2021-09-01","_id":"8202109011800055"}
{"odr":3033,"belong":"包装材料研究室","idb":3,"name":"古橋　越也","tel":"3326","memo":"","alunch":"○","slunch":"○","kubun":"","dest":"","period":"","sign1":"","signd1":"","sign2":"","signd2":"","remark":"","sdate":"2021-09-01","_id":"8202109011800056"}
{"odr":4001,"belong":"生物化学研究室","idb":4,"name":"一色　淳憲","tel":"3602","memo":"","alunch":"○","slunch":"×","kubun":"","dest":"","period":"","sign1":"","signd1":"","sign2":"","signd2":"","remark":"","sdate":"2021-09-01","_id":"8202109011800057"}
{"odr":4002,"belong":"生物化学研究室","idb":4,"name":"大津　貴義","tel":"3603","memo":"","alunch":"○","slunch":"○","kubun":"","dest":"","period":"","sign1":"","signd1":"","sign2":"","signd2":"","remark":"","sdate":"2021-09-01","_id":"8202109011800058"}
{"odr":4003,"belong":"生物化学研究室","idb":4,"name":"片山　傳喜","tel":"3608","memo":"","alunch":"×","slunch":"×","kubun":"","dest":"","period":"","sign1":"","signd1":"","sign2":"","signd2":"","remark":"","sdate":"2021-09-01","_id":"8202109011800059"}
{"odr":4004,"belong":"生物化学研究室","idb":4,"name":"山崎　隆明","tel":"3086","memo":"","alunch":"○","slunch":"○","kubun":"","dest":"","period":"","sign1":"","signd1":"","sign2":"","signd2":"","remark":"","sdate":"2021-09-01","_id":"8202109011800060"}
{"odr":4005,"belong":"生物化学研究室","idb":4,"name":"道志　弘輝","tel":"3701","memo":"","alunch":"○","slunch":"○","kubun":"","dest":"","period":"","sign1":"","signd1":"","sign2":"","signd2":"","remark":"","sdate":"2021-09-01","_id":"8202109011800061"}
{"odr":4006,"belong":"生物化学研究室","idb":4,"name":"寿命　伸哉","tel":"3710","memo":"","alunch":"×","slunch":"×","kubun":"","dest":"","period":"","sign1":"","signd1":"","sign2":"","signd2":"","remark":"","sdate":"2021-09-01","_id":"8202109011800062"}
{"odr":5001,"belong":"分析化学研究室","idb":5,"name":"平川　叙夫","tel":"3501","memo":"","alunch":"○","slunch":"○","kubun":"","dest":"","period":"","sign1":"","signd1":"","sign2":"","signd2":"","remark":"","sdate":"2021-09-01","_id":"8202109011800063"}
{"odr":5002,"belong":"分析化学研究室","idb":5,"name":"細野　寛子","tel":"3500","memo":"","alunch":"○","slunch":"○","kubun":"","dest":"","period":"","sign1":"","signd1":"","sign2":"","signd2":"","remark":"","sdate":"2021-09-01","_id":"8202109011800064"}
{"odr":5003,"belong":"分析化学研究室","idb":5,"name":"谷川　弥和子","tel":"3502","memo":"","alunch":"×","slunch":"×","kubun":"","dest":"","period":"","sign1":"","signd1":"","sign2":"","signd2":"","remark":"","sdate":"2021-09-01","_id":"8202109011800065"}
{"odr":5004,"belong":"分析化学研究室","idb":5,"name":"笠井　杏","tel":"3108","memo":"","alunch":"○","slunch":"○","kubun":"","dest":"","period":"","sign1":"","signd1":"","sign2":"","signd2":"","remark":"","sdate":"2021-09-01","_id":"8202109011800066"}
{"odr":5005,"belong":"分析化学研究室","idb":5,"name":"大塚　貴子","tel":"3702","memo":"","alunch":"○","slunch":"○","kubun":"","dest":"","period":"","sign1":"","signd1":"","sign2":"","signd2":"","remark":"","sdate":"2021-09-01","_id":"8202109011800067"}
{"odr":5006,"belong":"分析化学研究室","idb":5,"name":"張　楠","tel":"3205","memo":"","alunch":"○","slunch":"○","kubun":"","dest":"","period":"","sign1":"","signd1":"","sign2":"","signd2":"","remark":"","sdate":"2021-09-01","_id":"8202109011800068"}
{"odr":5007,"belong":"分析化学研究室","idb":5,"name":"木下　友貴","tel":"3709","memo":"","alunch":"○","slunch":"○","kubun":"","dest":"","period":"","sign1":"","signd1":"","sign2":"","signd2":"","remark":"","sdate":"2021-09-01","_id":"8202109011800069"}
{"odr":6001,"belong":"成形加工研究室","idb":6,"name":"市川　健太郎","tel":"3304","memo":"","alunch":"○","slunch":"○","kubun":"","dest":"","period":"","sign1":"","signd1":"","sign2":"","signd2":"","remark":"","sdate":"2021-09-01","_id":"8202109011800070"}
{"odr":6002,"belong":"成形加工研究室","idb":6,"name":"奥山　美憲","tel":"3309","memo":"","alunch":"○","slunch":"○","kubun":"","dest":"","period":"","sign1":"","signd1":"","sign2":"","signd2":"","remark":"","sdate":"2021-09-01","_id":"8202109011800071"}
{"odr":6003,"belong":"成形加工研究室","idb":6,"name":"小林　具実","tel":"3080","memo":"","alunch":"×","slunch":"×","kubun":"","dest":"","period":"","sign1":"","signd1":"","sign2":"","signd2":"","remark":"","sdate":"2021-09-01","_id":"8202109011800072"}
{"odr":6004,"belong":"成形加工研究室","idb":6,"name":"山田　真司","tel":"3405","memo":"","alunch":"×","slunch":"×","kubun":"","dest":"","period":"","sign1":"","signd1":"","sign2":"","signd2":"","remark":"","sdate":"2021-09-01","_id":"8202109011800073"}
{"odr":6005,"belong":"成形加工研究室","idb":6,"name":"渡辺　和伸","tel":"3306","memo":"","alunch":"×","slunch":"×","kubun":"","dest":"","period":"","sign1":"","signd1":"","sign2":"","signd2":"","remark":"","sdate":"2021-09-01","_id":"8202109011800074"}
{"odr":6006,"belong":"成形加工研究室","idb":6,"name":"國廣　一郎","tel":"3307","memo":"","alunch":"×","slunch":"×","kubun":"","dest":"","period":"","sign1":"","signd1":"","sign2":"","signd2":"","remark":"","sdate":"2021-09-01","_id":"8202109011800075"}
{"odr":6007,"belong":"成形加工研究室","idb":6,"name":"藍原　武志","tel":"3310","memo":"","alunch":"×","slunch":"×","kubun":"","dest":"","period":"","sign1":"","signd1":"","sign2":"","signd2":"","remark":"","sdate":"2021-09-01","_id":"8202109011800076"}
{"odr":6008,"belong":"成形加工研究室","idb":6,"name":"末永　亮","tel":"3312","memo":"","alunch":"○","slunch":"○","kubun":"","dest":"","period":"","sign1":"","signd1":"","sign2":"","signd2":"","remark":"","sdate":"2021-09-01","_id":"8202109011800077"}
{"odr":6009,"belong":"成形加工研究室","idb":6,"name":"城石　亮蔵","tel":"3316","memo":"","alunch":"○","slunch":"○","kubun":"","dest":"","period":"","sign1":"","signd1":"","sign2":"","signd2":"","remark":"","sdate":"2021-09-01","_id":"8202109011800078"}
{"odr":6010,"belong":"成形加工研究室","idb":6,"name":"青谷　正毅","tel":"3318","memo":"","alunch":"○","slunch":"○","kubun":"","dest":"","period":"","sign1":"","signd1":"","sign2":"","signd2":"","remark":"","sdate":"2021-09-01","_id":"8202109011800079"}
{"odr":6011,"belong":"成形加工研究室","idb":6,"name":"瀬上　幸太","tel":"3323","memo":"","alunch":"○","slunch":"○","kubun":"","dest":"","period":"","sign1":"","signd1":"","sign2":"","signd2":"","remark":"","sdate":"2021-09-01","_id":"8202109011800080"}
{"odr":6012,"belong":"成形加工研究室","idb":6,"name":"東　利房","tel":"3324","memo":"","alunch":"○","slunch":"○","kubun":"","dest":"","period":"","sign1":"","signd1":"","sign2":"","signd2":"","remark":"","sdate":"2021-09-01","_id":"8202109011800081"}
{"odr":6013,"belong":"成形加工研究室","idb":6,"name":"國則　正弘","tel":"3311","memo":"","alunch":"×","slunch":"×","kubun":"","dest":"","period":"","sign1":"","signd1":"","sign2":"","signd2":"","remark":"","sdate":"2021-09-01","_id":"8202109011800082"}
{"odr":6014,"belong":"成形加工研究室","idb":6,"name":"松本　尚也","tel":"3327","memo":"","alunch":"○","slunch":"○","kubun":"","dest":"","period":"","sign1":"","signd1":"","sign2":"","signd2":"","remark":"","sdate":"2021-09-01","_id":"8202109011800083"}
{"odr":6015,"belong":"成形加工研究室","idb":6,"name":"飯野　裕喜","tel":"3114","memo":"","alunch":"×","slunch":"×","kubun":"","dest":"","period":"","sign1":"","signd1":"","sign2":"","signd2":"","remark":"","sdate":"2021-09-01","_id":"8202109011800084"}
{"odr":6016,"belong":"成形加工研究室","idb":6,"name":"木村　諭男","tel":"3302","memo":"","alunch":"○","slunch":"○","kubun":"","dest":"","period":"","sign1":"","signd1":"","sign2":"","signd2":"","remark":"","sdate":"2021-09-01","_id":"8202109011800085"}
{"odr":6017,"belong":"成形加工研究室","idb":6,"name":"丸山　友樹","tel":"3505","memo":"","alunch":"○","slunch":"○","kubun":"","dest":"","period":"","sign1":"","signd1":"","sign2":"","signd2":"","remark":"","sdate":"2021-09-01","_id":"8202109011800086"}
{"odr":6018,"belong":"成形加工研究室","idb":6,"name":"島村　真広","tel":"3321","memo":"育休<br>～2022年2月","alunch":"×","slunch":"×","kubun":"休暇","dest":"","period":"","sign1":"","signd1":"","sign2":"","signd2":"","remark":"","sdate":"2021-09-01","_id":"8202109011800087"}
{"odr":6019,"belong":"成形加工研究室","idb":6,"name":"熊谷　拓甫","tel":"3403","memo":"","alunch":"○","slunch":"○","kubun":"","dest":"","period":"","sign1":"","signd1":"","sign2":"","signd2":"","remark":"","sdate":"2021-09-01","_id":"8202109011800088"}
{"odr":6020,"belong":"成形加工研究室","idb":6,"name":"小川　智裕","tel":"3085","memo":"","alunch":"×","slunch":"×","kubun":"","dest":"","period":"","sign1":"","signd1":"","sign2":"","signd2":"","remark":"","sdate":"2021-09-01","_id":"8202109011800089"}
{"odr":6021,"belong":"成形加工研究室","idb":6,"name":"平松　健太","tel":"3062","memo":"","alunch":"×","slunch":"×","kubun":"","dest":"","period":"","sign1":"","signd1":"","sign2":"","signd2":"","remark":"","sdate":"2021-09-01","_id":"8202109011800090"}
{"odr":6022,"belong":"成形加工研究室","idb":6,"name":"篠﨑　瑞生","tel":"3601","memo":"","alunch":"○","slunch":"○","kubun":"","dest":"","period":"","sign1":"","signd1":"","sign2":"","signd2":"","remark":"","sdate":"2021-09-01","_id":"8202109011800091"}
{"odr":6023,"belong":"成形加工研究室","idb":6,"name":"曽我　龍熙","tel":"3315","memo":"","alunch":"×","slunch":"×","kubun":"","dest":"","period":"","sign1":"","signd1":"","sign2":"","signd2":"","remark":"","sdate":"2021-09-01","_id":"8202109011800092"}
{"odr":7001,"belong":"情報数理研究室","idb":7,"name":"清水　博長","tel":"3402","memo":"","alunch":"×","slunch":"×","kubun":"","dest":"","period":"","sign1":"","signd1":"","sign2":"","signd2":"","remark":"","sdate":"2021-09-01","_id":"8202109011800093"}
{"odr":7002,"belong":"情報数理研究室","idb":7,"name":"鷲崎　俊朗","tel":"3400","memo":"","alunch":"×","slunch":"×","kubun":"","dest":"","period":"","sign1":"","signd1":"","sign2":"","signd2":"","remark":"","sdate":"2021-09-01","_id":"8202109011800094"}
{"odr":7003,"belong":"情報数理研究室","idb":7,"name":"堀内　祥平","tel":"3408","memo":"","alunch":"×","slunch":"×","kubun":"","dest":"","period":"","sign1":"","signd1":"","sign2":"","signd2":"","remark":"","sdate":"2021-09-01","_id":"8202109011800095"}
{"odr":7004,"belong":"情報数理研究室","idb":7,"name":"野村　哲郎","tel":"3404","memo":"","alunch":"×","slunch":"×","kubun":"","dest":"","period":"","sign1":"","signd1":"","sign2":"","signd2":"","remark":"","sdate":"2021-09-01","_id":"8202109011800096"}
{"odr":7005,"belong":"情報数理研究室","idb":7,"name":"柏原　賢","tel":"3320","memo":"","alunch":"×","slunch":"×","kubun":"","dest":"","period":"","sign1":"","signd1":"","sign2":"","signd2":"","remark":"","sdate":"2021-09-01","_id":"8202109011800097"}
{"odr":7006,"belong":"情報数理研究室","idb":7,"name":"赤松　慎也","tel":"3406","memo":"","alunch":"○","slunch":"○","kubun":"","dest":"","period":"","sign1":"","signd1":"","sign2":"","signd2":"","remark":"","sdate":"2021-09-01","_id":"8202109011800098"}
{"odr":7007,"belong":"情報数理研究室","idb":7,"name":"田所　洋一","tel":"3411","memo":"","alunch":"○","slunch":"○","kubun":"","dest":"","period":"","sign1":"","signd1":"","sign2":"","signd2":"","remark":"","sdate":"2021-09-01","_id":"8202109011800099"}
{"odr":7008,"belong":"情報数理研究室","idb":7,"name":"黒田　純司","tel":"3716","memo":"","alunch":"○","slunch":"○","kubun":"","dest":"","period":"","sign1":"","signd1":"","sign2":"","signd2":"","remark":"","sdate":"2021-09-01","_id":"8202109011800100"}
{"odr":7009,"belong":"情報数理研究室","idb":7,"name":"中村　圭亨","tel":"3718","memo":"","alunch":"×","slunch":"×","kubun":"","dest":"","period":"","sign1":"","signd1":"","sign2":"","signd2":"","remark":"","sdate":"2021-09-01","_id":"8202109011800101"}
{"odr":7010,"belong":"情報数理研究室","idb":7,"name":"原　萌子","tel":"3094","memo":"","alunch":"○","slunch":"○","kubun":"","dest":"","period":"","sign1":"","signd1":"","sign2":"","signd2":"","remark":"","sdate":"2021-09-01","_id":"8202109011800102"}
{"odr":7011,"belong":"情報数理研究室","idb":7,"name":"張　捷","tel":"3407","memo":"","alunch":"×","slunch":"×","kubun":"","dest":"","period":"","sign1":"","signd1":"","sign2":"","signd2":"","remark":"","sdate":"2021-09-01","_id":"8202109011800103"}
{"odr":7012,"belong":"情報数理研究室","idb":7,"name":"猪爪　誠太","tel":"3107","memo":"","alunch":"×","slunch":"×","kubun":"","dest":"","period":"","sign1":"","signd1":"","sign2":"","signd2":"","remark":"","sdate":"2021-09-01","_id":"8202109011800104"}
{"odr":8001,"belong":"調査企画室","idb":8,"name":"吉田　充裕","tel":"3001","memo":"","alunch":"○","slunch":"○","kubun":"","dest":"","period":"","sign1":"","signd1":"","sign2":"","signd2":"","remark":"","sdate":"2021-09-01","_id":"8202109011800105"}
{"odr":8002,"belong":"調査企画室","idb":8,"name":"中島　和輝","tel":"3606","memo":"","alunch":"○","slunch":"○","kubun":"","dest":"","period":"","sign1":"","signd1":"","sign2":"","signd2":"","remark":"","sdate":"2021-09-01","_id":"8202109011800106"}
{"odr":8003,"belong":"調査企画室","idb":8,"name":"高橋　由紀子","tel":"3215","memo":"","alunch":"×","slunch":"×","kubun":"休暇","dest":"","period":"","sign1":"","signd1":"","sign2":"","signd2":"","remark":"","sdate":"2021-09-01","_id":"8202109011800107"}
{"odr":8004,"belong":"調査企画室","idb":8,"name":"村松　かんな","tel":"3705","memo":"","alunch":"×","slunch":"×","kubun":"","dest":"","period":"","sign1":"","signd1":"","sign2":"","signd2":"","remark":"","sdate":"2021-09-01","_id":"8202109011800108"}
{"odr":9001,"belong":"特許室","idb":9,"name":"大森　仁","tel":"3065","memo":"","alunch":"×","slunch":"×","kubun":"","dest":"","period":"","sign1":"","signd1":"","sign2":"","signd2":"","remark":"","sdate":"2021-09-01","_id":"8202109011800109"}
{"odr":9002,"belong":"特許室","idb":9,"name":"町井　昭彦","tel":"3060","memo":"","alunch":"○","slunch":"○","kubun":"","dest":"","period":"","sign1":"","signd1":"","sign2":"","signd2":"","remark":"","sdate":"2021-09-01","_id":"8202109011800110"}
{"odr":9003,"belong":"特許室","idb":9,"name":"柏渕　リエ","tel":"3040","memo":"","alunch":"×","slunch":"×","kubun":"","dest":"","period":"","sign1":"","signd1":"","sign2":"","signd2":"","remark":"","sdate":"2021-09-01","_id":"8202109011800111"}
{"odr":9004,"belong":"特許室","idb":9,"name":"太田　芳弘","tel":"3207","memo":"","alunch":"×","slunch":"×","kubun":"","dest":"","period":"","sign1":"","signd1":"","sign2":"","signd2":"","remark":"","sdate":"2021-09-01","_id":"8202109011800112"}
{"odr":9005,"belong":"特許室","idb":9,"name":"渡部　光","tel":"3721","memo":"","alunch":"×","slunch":"×","kubun":"","dest":"","period":"","sign1":"","signd1":"","sign2":"","signd2":"","remark":"","sdate":"2021-09-01","_id":"8202109011800113"}
{"odr":9006,"belong":"特許室","idb":9,"name":"青柳　水希","tel":"3100","memo":"","alunch":"×","slunch":"×","kubun":"","dest":"","period":"","sign1":"","signd1":"","sign2":"","signd2":"","remark":"","sdate":"2021-09-01","_id":"8202109011800114"}
{"odr":10001,"belong":"事務室","idb":10,"name":"甲斐　正次郎","tel":"3611","memo":"","alunch":"○","slunch":"○","kubun":"","dest":"","period":"","sign1":"","signd1":"","sign2":"","signd2":"","remark":"","sdate":"2021-09-01","_id":"8202109011800115"}
{"odr":10002,"belong":"事務室","idb":10,"name":"由井　義明","tel":"3319","memo":"","alunch":"×","slunch":"×","kubun":"","dest":"","period":"","sign1":"","signd1":"","sign2":"","signd2":"","remark":"","sdate":"2021-09-01","_id":"8202109011800116"}
{"odr":10003,"belong":"事務室","idb":10,"name":"酒井　友弘","tel":"3098","memo":"","alunch":"○","slunch":"○","kubun":"","dest":"","period":"","sign1":"","signd1":"","sign2":"","signd2":"","remark":"","sdate":"2021-09-01","_id":"8202109011800117"}
{"odr":10004,"belong":"事務室","idb":10,"name":"小磯　宣久","tel":"3099","memo":"","alunch":"○","slunch":"○","kubun":"","dest":"","period":"","sign1":"","signd1":"","sign2":"","signd2":"","remark":"","sdate":"2021-09-01","_id":"8202109011800118"}
{"odr":10005,"belong":"事務室","idb":10,"name":"大島　美佳","tel":"3061","memo":"","alunch":"×","slunch":"×","kubun":"","dest":"","period":"","sign1":"","signd1":"","sign2":"","signd2":"","remark":"","sdate":"2021-09-01","_id":"8202109011800119"}
{"odr":10006,"belong":"事務室","idb":10,"name":"多田　哲朗","tel":"3063","memo":"","alunch":"○","slunch":"○","kubun":"","dest":"","period":"","sign1":"","signd1":"","sign2":"","signd2":"","remark":"","sdate":"2021-09-01","_id":"8202109011800120"}
{"odr":10007,"belong":"事務室","idb":10,"name":"木瀧　美奈子","tel":"3036","memo":"","alunch":"×","slunch":"×","kubun":"","dest":"","period":"","sign1":"","signd1":"","sign2":"","signd2":"","remark":"","sdate":"2021-09-01","_id":"8202109011800121"}
{"odr":10008,"belong":"事務室","idb":10,"name":"江頭　　睦雄","tel":"3102","memo":"","alunch":"○","slunch":"○","kubun":"","dest":"","period":"","sign1":"","signd1":"","sign2":"","signd2":"","remark":"","sdate":"2021-09-01","_id":"8202109011800122"}
{"odr":10009,"belong":"","idb":11,"name":"","tel":"","memo":"","alunch":"","slunch":"","kubun":"","dest":"","period":"","sign1":"","signd1":"","sign2":"","signd2":"","remark":"","sdate":"2021-09-01","_id":"8202109011800123"}
{"odr":1001,"belong":"所長","idb":1,"name":"佐藤　一弘","tel":"3082","memo":"","alunch":"×","slunch":"×","kubun":"","dest":"","period":"","sign1":"","signd1":"","sign2":"","signd2":"","remark":"","sdate":"2021-09-02","_id":"8202109021900000"}
{"odr":1002,"belong":"プロセス研究部長<br>兼研究推進部長","idb":1,"name":"高尾　健一","tel":"3300","memo":"","alunch":"○","slunch":"○","kubun":"","dest":"","period":"","sign1":"","signd1":"","sign2":"","signd2":"","remark":"","sdate":"2021-09-02","_id":"8202109021900001"}
{"odr":1003,"belong":"マテリアル研究部長","idb":1,"name":"石崎　庸一","tel":"3070","memo":"","alunch":"○","slunch":"○","kubun":"","dest":"","period":"","sign1":"","signd1":"","sign2":"","signd2":"","remark":"","sdate":"2021-09-02","_id":"8202109021900002"}
{"odr":2001,"belong":"機能材料研究室","idb":2,"name":"大橋　和彰","tel":"3103","memo":"","alunch":"○","slunch":"○","kubun":"","dest":"","period":"","sign1":"","signd1":"","sign2":"","signd2":"","remark":"","sdate":"2021-09-02","_id":"8202109021900003"}
{"odr":2002,"belong":"機能材料研究室","idb":2,"name":"苅部　林也","tel":"3095","memo":"","alunch":"×","slunch":"×","kubun":"","dest":"","period":"","sign1":"","signd1":"","sign2":"","signd2":"","remark":"","sdate":"2021-09-02","_id":"8202109021900004"}
{"odr":2003,"belong":"機能材料研究室","idb":2,"name":"鈴木　太郎","tel":"3412","memo":"","alunch":"○","slunch":"○","kubun":"","dest":"","period":"","sign1":"","signd1":"","sign2":"","signd2":"","remark":"","sdate":"2021-09-02","_id":"8202109021900005"}
{"odr":2004,"belong":"機能材料研究室","idb":2,"name":"小沢　和美","tel":"3113","memo":"","alunch":"×","slunch":"×","kubun":"","dest":"","period":"","sign1":"","signd1":"","sign2":"","signd2":"","remark":"","sdate":"2021-09-02","_id":"8202109021900006"}
{"odr":2005,"belong":"機能材料研究室","idb":2,"name":"小坂　泰啓","tel":"3105","memo":"","alunch":"○","slunch":"○","kubun":"","dest":"","period":"","sign1":"","signd1":"","sign2":"","signd2":"","remark":"","sdate":"2021-09-02","_id":"8202109021900007"}
{"odr":2006,"belong":"機能材料研究室","idb":2,"name":"田中　郷史","tel":"3209","memo":"","alunch":"○","slunch":"○","kubun":"","dest":"","period":"","sign1":"","signd1":"","sign2":"","signd2":"","remark":"","sdate":"2021-09-02","_id":"8202109021900008"}
{"odr":2007,"belong":"機能材料研究室","idb":2,"name":"緒方　章子","tel":"3112","memo":"","alunch":"×","slunch":"×","kubun":"","dest":"","period":"","sign1":"","signd1":"","sign2":"","signd2":"","remark":"","sdate":"2021-09-02","_id":"8202109021900009"}
{"odr":2008,"belong":"機能材料研究室","idb":2,"name":"戸谷　貴彦","tel":"3217","memo":"","alunch":"○","slunch":"○","kubun":"","dest":"","period":"","sign1":"","signd1":"","sign2":"","signd2":"","remark":"","sdate":"2021-09-02","_id":"8202109021900010"}
{"odr":2009,"belong":"機能材料研究室","idb":2,"name":"南郷　瞬也","tel":"3317","memo":"","alunch":"○","slunch":"○","kubun":"","dest":"","period":"","sign1":"","signd1":"","sign2":"","signd2":"","remark":"","sdate":"2021-09-02","_id":"8202109021900011"}
{"odr":2010,"belong":"機能材料研究室","idb":2,"name":"柏倉　拓也","tel":"3110","memo":"","alunch":"○","slunch":"○","kubun":"","dest":"","period":"","sign1":"","signd1":"","sign2":"","signd2":"","remark":"","sdate":"2021-09-02","_id":"8202109021900012"}
{"odr":2011,"belong":"機能材料研究室","idb":2,"name":"奥山　真平","tel":"3202","memo":"","alunch":"×","slunch":"×","kubun":"","dest":"","period":"","sign1":"","signd1":"","sign2":"","signd2":"","remark":"","sdate":"2021-09-02","_id":"8202109021900013"}
{"odr":2012,"belong":"機能材料研究室","idb":2,"name":"三溝　真梨子","tel":"3097","memo":"","alunch":"○","slunch":"×","kubun":"","dest":"","period":"","sign1":"","signd1":"","sign2":"","signd2":"","remark":"","sdate":"2021-09-02","_id":"8202109021900014"}
{"odr":2013,"belong":"機能材料研究室","idb":2,"name":"小関　修","tel":"3206","memo":"","alunch":"×","slunch":"×","kubun":"","dest":"","period":"","sign1":"","signd1":"","sign2":"","signd2":"","remark":"","sdate":"2021-09-02","_id":"8202109021900015"}
{"odr":2014,"belong":"機能材料研究室","idb":2,"name":"櫻木　新","tel":"3700","memo":"","alunch":"○","slunch":"○","kubun":"","dest":"","period":"","sign1":"","signd1":"","sign2":"","signd2":"","remark":"","sdate":"2021-09-02","_id":"8202109021900016"}
{"odr":2015,"belong":"機能材料研究室","idb":2,"name":"八木澤　美理","tel":"3706","memo":"","alunch":"×","slunch":"×","kubun":"","dest":"","period":"","sign1":"","signd1":"","sign2":"","signd2":"","remark":"","sdate":"2021-09-02","_id":"8202109021900017"}
{"odr":2016,"belong":"機能材料研究室","idb":2,"name":"高山　圭将","tel":"3712","memo":"","alunch":"○","slunch":"○","kubun":"","dest":"","period":"","sign1":"","signd1":"","sign2":"","signd2":"","remark":"","sdate":"2021-09-02","_id":"8202109021900018"}
{"odr":2017,"belong":"機能材料研究室","idb":2,"name":"生田目　大輔","tel":"3715","memo":"","alunch":"○","slunch":"○","kubun":"","dest":"","period":"","sign1":"","signd1":"","sign2":"","signd2":"","remark":"","sdate":"2021-09-02","_id":"8202109021900019"}
{"odr":2018,"belong":"機能材料研究室","idb":2,"name":"西山　喬晴","tel":"3088","memo":"","alunch":"×","slunch":"×","kubun":"","dest":"","period":"","sign1":"","signd1":"","sign2":"","signd2":"","remark":"","sdate":"2021-09-02","_id":"8202109021900020"}
{"odr":2019,"belong":"機能材料研究室","idb":2,"name":"山本　宏美","tel":"3089","memo":"","alunch":"○","slunch":"○","kubun":"","dest":"","period":"","sign1":"","signd1":"","sign2":"","signd2":"","remark":"","sdate":"2021-09-02","_id":"8202109021900021"}
{"odr":2020,"belong":"機能材料研究室","idb":2,"name":"簾　聡太郎","tel":"3610","memo":"","alunch":"○","slunch":"○","kubun":"","dest":"","period":"","sign1":"","signd1":"","sign2":"","signd2":"","remark":"","sdate":"2021-09-02","_id":"8202109021900022"}
{"odr":2021,"belong":"機能材料研究室","idb":2,"name":"池田　航歩","tel":"3106","memo":"","alunch":"○","slunch":"○","kubun":"","dest":"","period":"","sign1":"","signd1":"","sign2":"","signd2":"","remark":"","sdate":"2021-09-02","_id":"8202109021900023"}
{"odr":3001,"belong":"包装材料研究室","idb":3,"name":"阿久津　洋介","tel":"3200","memo":"","alunch":"○","slunch":"○","kubun":"","dest":"","period":"","sign1":"","signd1":"","sign2":"","signd2":"","remark":"","sdate":"2021-09-02","_id":"8202109021900024"}
{"odr":3002,"belong":"包装材料研究室","idb":3,"name":"山田　俊樹","tel":"3204","memo":"","alunch":"○","slunch":"○","kubun":"","dest":"","period":"","sign1":"","signd1":"","sign2":"","signd2":"","remark":"","sdate":"2021-09-02","_id":"8202109021900025"}
{"odr":3003,"belong":"包装材料研究室","idb":3,"name":"湯淺　義之","tel":"3409","memo":"","alunch":"○","slunch":"○","kubun":"","dest":"","period":"","sign1":"","signd1":"","sign2":"","signd2":"","remark":"","sdate":"2021-09-02","_id":"8202109021900026"}
{"odr":3004,"belong":"包装材料研究室","idb":3,"name":"川眞田　大輔","tel":"3212","memo":"","alunch":"○","slunch":"○","kubun":"","dest":"","period":"","sign1":"","signd1":"","sign2":"","signd2":"","remark":"","sdate":"2021-09-02","_id":"8202109021900027"}
{"odr":3005,"belong":"包装材料研究室","idb":3,"name":"宮井　智弘","tel":"3308","memo":"","alunch":"×","slunch":"×","kubun":"","dest":"","period":"","sign1":"","signd1":"","sign2":"","signd2":"","remark":"","sdate":"2021-09-02","_id":"8202109021900028"}
{"odr":3006,"belong":"包装材料研究室","idb":3,"name":"阿久沢　典男","tel":"3210","memo":"","alunch":"×","slunch":"×","kubun":"","dest":"","period":"","sign1":"","signd1":"","sign2":"","signd2":"","remark":"","sdate":"2021-09-02","_id":"8202109021900029"}
{"odr":3007,"belong":"包装材料研究室","idb":3,"name":"田代　裕樹","tel":"3216","memo":"","alunch":"○","slunch":"○","kubun":"","dest":"","period":"","sign1":"","signd1":"","sign2":"","signd2":"","remark":"","sdate":"2021-09-02","_id":"8202109021900030"}
{"odr":3008,"belong":"包装材料研究室","idb":3,"name":"長濵　英昭","tel":"3211","memo":"","alunch":"○","slunch":"○","kubun":"","dest":"","period":"","sign1":"","signd1":"","sign2":"","signd2":"","remark":"","sdate":"2021-09-02","_id":"8202109021900031"}
{"odr":3009,"belong":"包装材料研究室","idb":3,"name":"澤　芳樹","tel":"3091","memo":"","alunch":"○","slunch":"○","kubun":"","dest":"","period":"","sign1":"","signd1":"","sign2":"","signd2":"","remark":"","sdate":"2021-09-02","_id":"8202109021900032"}
{"odr":3010,"belong":"包装材料研究室","idb":3,"name":"岩本　晋也","tel":"3111","memo":"","alunch":"○","slunch":"○","kubun":"","dest":"","period":"","sign1":"","signd1":"","sign2":"","signd2":"","remark":"","sdate":"2021-09-02","_id":"8202109021900033"}
{"odr":3011,"belong":"包装材料研究室","idb":3,"name":"井口　梓","tel":"3101","memo":"","alunch":"×","slunch":"×","kubun":"","dest":"","period":"","sign1":"","signd1":"","sign2":"","signd2":"","remark":"","sdate":"2021-09-02","_id":"8202109021900034"}
{"odr":3012,"belong":"包装材料研究室","idb":3,"name":"小林　祐介","tel":"3503","memo":"","alunch":"○","slunch":"○","kubun":"","dest":"","period":"","sign1":"","signd1":"","sign2":"","signd2":"","remark":"","sdate":"2021-09-02","_id":"8202109021900035"}
{"odr":3013,"belong":"包装材料研究室","idb":3,"name":"田口　智啓","tel":"3203","memo":"","alunch":"○","slunch":"○","kubun":"","dest":"","period":"","sign1":"","signd1":"","sign2":"","signd2":"","remark":"","sdate":"2021-09-02","_id":"8202109021900036"}
{"odr":3014,"belong":"包装材料研究室","idb":3,"name":"村上　卓生","tel":"3703","memo":"","alunch":"○","slunch":"○","kubun":"","dest":"","period":"","sign1":"","signd1":"","sign2":"","signd2":"","remark":"","sdate":"2021-09-02","_id":"8202109021900037"}
{"odr":3015,"belong":"包装材料研究室","idb":3,"name":"駒形　大樹","tel":"3711","memo":"","alunch":"○","slunch":"○","kubun":"","dest":"","period":"","sign1":"","signd1":"","sign2":"","signd2":"","remark":"","sdate":"2021-09-02","_id":"8202109021900038"}
{"odr":3016,"belong":"包装材料研究室","idb":3,"name":"鶴田　一弘","tel":"3713","memo":"","alunch":"○","slunch":"×","kubun":"","dest":"","period":"","sign1":"","signd1":"","sign2":"","signd2":"","remark":"","sdate":"2021-09-02","_id":"8202109021900039"}
{"odr":3017,"belong":"包装材料研究室","idb":3,"name":"柴田　幸樹","tel":"3717","memo":"","alunch":"○","slunch":"○","kubun":"","dest":"","period":"","sign1":"","signd1":"","sign2":"","signd2":"","remark":"","sdate":"2021-09-02","_id":"8202109021900040"}
{"odr":3018,"belong":"包装材料研究室","idb":3,"name":"杉岡　沙耶","tel":"3714","memo":"","alunch":"○","slunch":"○","kubun":"","dest":"","period":"","sign1":"","signd1":"","sign2":"","signd2":"","remark":"","sdate":"2021-09-02","_id":"8202109021900041"}
{"odr":3019,"belong":"包装材料研究室","idb":3,"name":"赤羽根　敬弘","tel":"3083","memo":"","alunch":"×","slunch":"×","kubun":"","dest":"","period":"","sign1":"","signd1":"","sign2":"","signd2":"","remark":"","sdate":"2021-09-02","_id":"8202109021900042"}
{"odr":3020,"belong":"包装材料研究室","idb":3,"name":"市川　健司","tel":"3084","memo":"","alunch":"×","slunch":"×","kubun":"","dest":"","period":"","sign1":"","signd1":"","sign2":"","signd2":"","remark":"","sdate":"2021-09-02","_id":"8202109021900043"}
{"odr":3021,"belong":"包装材料研究室","idb":3,"name":"土屋　大地","tel":"3087","memo":"","alunch":"×","slunch":"×","kubun":"","dest":"","period":"","sign1":"","signd1":"","sign2":"","signd2":"","remark":"","sdate":"2021-09-02","_id":"8202109021900044"}
{"odr":3022,"belong":"包装材料研究室","idb":3,"name":"伊藤　碧","tel":"3092","memo":"","alunch":"×","slunch":"×","kubun":"","dest":"","period":"","sign1":"","signd1":"","sign2":"","signd2":"","remark":"","sdate":"2021-09-02","_id":"8202109021900045"}
{"odr":3023,"belong":"包装材料研究室","idb":3,"name":"江幡　篤","tel":"3090","memo":"","alunch":"×","slunch":"×","kubun":"","dest":"","period":"","sign1":"","signd1":"","sign2":"","signd2":"","remark":"","sdate":"2021-09-02","_id":"8202109021900046"}
{"odr":3024,"belong":"包装材料研究室","idb":3,"name":"島野　佳織","tel":"3093","memo":"","alunch":"×","slunch":"×","kubun":"","dest":"","period":"","sign1":"","signd1":"","sign2":"","signd2":"","remark":"","sdate":"2021-09-02","_id":"8202109021900047"}
{"odr":3025,"belong":"包装材料研究室","idb":3,"name":"福嶋　萩人","tel":"3066","memo":"","alunch":"○","slunch":"○","kubun":"","dest":"","period":"","sign1":"","signd1":"","sign2":"","signd2":"","remark":"","sdate":"2021-09-02","_id":"8202109021900048"}
{"odr":3026,"belong":"包装材料研究室","idb":3,"name":"前田　慎一郎","tel":"3071","memo":"","alunch":"○","slunch":"○","kubun":"","dest":"","period":"","sign1":"","signd1":"","sign2":"","signd2":"","remark":"","sdate":"2021-09-02","_id":"8202109021900049"}
{"odr":3027,"belong":"包装材料研究室","idb":3,"name":"間嶋　健矢","tel":"3081","memo":"","alunch":"×","slunch":"×","kubun":"","dest":"","period":"","sign1":"","signd1":"","sign2":"","signd2":"","remark":"","sdate":"2021-09-02","_id":"8202109021900050"}
{"odr":3028,"belong":"包装材料研究室","idb":3,"name":"三木　祥平","tel":"3607","memo":"","alunch":"×","slunch":"×","kubun":"","dest":"","period":"","sign1":"","signd1":"","sign2":"","signd2":"","remark":"","sdate":"2021-09-02","_id":"8202109021900051"}
{"odr":3029,"belong":"包装材料研究室","idb":3,"name":"小林　楓","tel":"3109","memo":"","alunch":"○","slunch":"○","kubun":"","dest":"","period":"","sign1":"","signd1":"","sign2":"","signd2":"","remark":"","sdate":"2021-09-02","_id":"8202109021900052"}
{"odr":3030,"belong":"包装材料研究室","idb":3,"name":"野口　誠一郎","tel":"3325","memo":"","alunch":"×","slunch":"×","kubun":"","dest":"","period":"","sign1":"","signd1":"","sign2":"","signd2":"","remark":"","sdate":"2021-09-02","_id":"8202109021900053"}
{"odr":3031,"belong":"包装材料研究室","idb":3,"name":"室江　拓哉","tel":"3504","memo":"","alunch":"×","slunch":"×","kubun":"","dest":"","period":"","sign1":"","signd1":"","sign2":"","signd2":"","remark":"","sdate":"2021-09-02","_id":"8202109021900054"}
{"odr":3032,"belong":"包装材料研究室","idb":3,"name":"門脇　菜穂","tel":"3313","memo":"","alunch":"○","slunch":"○","kubun":"","dest":"","period":"","sign1":"","signd1":"","sign2":"","signd2":"","remark":"","sdate":"2021-09-02","_id":"8202109021900055"}
{"odr":3033,"belong":"包装材料研究室","idb":3,"name":"古橋　越也","tel":"3326","memo":"","alunch":"○","slunch":"○","kubun":"","dest":"","period":"","sign1":"","signd1":"","sign2":"","signd2":"","remark":"","sdate":"2021-09-02","_id":"8202109021900056"}
{"odr":4001,"belong":"生物化学研究室","idb":4,"name":"一色　淳憲","tel":"3602","memo":"","alunch":"○","slunch":"×","kubun":"","dest":"","period":"","sign1":"","signd1":"","sign2":"","signd2":"","remark":"","sdate":"2021-09-02","_id":"8202109021900057"}
{"odr":4002,"belong":"生物化学研究室","idb":4,"name":"大津　貴義","tel":"3603","memo":"","alunch":"○","slunch":"○","kubun":"","dest":"","period":"","sign1":"","signd1":"","sign2":"","signd2":"","remark":"","sdate":"2021-09-02","_id":"8202109021900058"}
{"odr":4003,"belong":"生物化学研究室","idb":4,"name":"片山　傳喜","tel":"3608","memo":"","alunch":"×","slunch":"×","kubun":"","dest":"","period":"","sign1":"","signd1":"","sign2":"","signd2":"","remark":"","sdate":"2021-09-02","_id":"8202109021900059"}
{"odr":4004,"belong":"生物化学研究室","idb":4,"name":"山崎　隆明","tel":"3086","memo":"","alunch":"○","slunch":"○","kubun":"","dest":"","period":"","sign1":"","signd1":"","sign2":"","signd2":"","remark":"","sdate":"2021-09-02","_id":"8202109021900060"}
{"odr":4005,"belong":"生物化学研究室","idb":4,"name":"道志　弘輝","tel":"3701","memo":"","alunch":"○","slunch":"○","kubun":"","dest":"","period":"","sign1":"","signd1":"","sign2":"","signd2":"","remark":"","sdate":"2021-09-02","_id":"8202109021900061"}
{"odr":4006,"belong":"生物化学研究室","idb":4,"name":"寿命　伸哉","tel":"3710","memo":"","alunch":"×","slunch":"×","kubun":"","dest":"","period":"","sign1":"","signd1":"","sign2":"","signd2":"","remark":"","sdate":"2021-09-02","_id":"8202109021900062"}
{"odr":5001,"belong":"分析化学研究室","idb":5,"name":"平川　叙夫","tel":"3501","memo":"","alunch":"○","slunch":"○","kubun":"","dest":"","period":"","sign1":"","signd1":"","sign2":"","signd2":"","remark":"","sdate":"2021-09-02","_id":"8202109021900063"}
{"odr":5002,"belong":"分析化学研究室","idb":5,"name":"細野　寛子","tel":"3500","memo":"","alunch":"○","slunch":"○","kubun":"","dest":"","period":"","sign1":"","signd1":"","sign2":"","signd2":"","remark":"","sdate":"2021-09-02","_id":"8202109021900064"}
{"odr":5003,"belong":"分析化学研究室","idb":5,"name":"谷川　弥和子","tel":"3502","memo":"","alunch":"×","slunch":"×","kubun":"","dest":"","period":"","sign1":"","signd1":"","sign2":"","signd2":"","remark":"","sdate":"2021-09-02","_id":"8202109021900065"}
{"odr":5004,"belong":"分析化学研究室","idb":5,"name":"笠井　杏","tel":"3108","memo":"","alunch":"○","slunch":"○","kubun":"","dest":"","period":"","sign1":"","signd1":"","sign2":"","signd2":"","remark":"","sdate":"2021-09-02","_id":"8202109021900066"}
{"odr":5005,"belong":"分析化学研究室","idb":5,"name":"大塚　貴子","tel":"3702","memo":"","alunch":"○","slunch":"○","kubun":"","dest":"","period":"","sign1":"","signd1":"","sign2":"","signd2":"","remark":"","sdate":"2021-09-02","_id":"8202109021900067"}
{"odr":5006,"belong":"分析化学研究室","idb":5,"name":"張　楠","tel":"3205","memo":"","alunch":"○","slunch":"○","kubun":"","dest":"","period":"","sign1":"","signd1":"","sign2":"","signd2":"","remark":"","sdate":"2021-09-02","_id":"8202109021900068"}
{"odr":5007,"belong":"分析化学研究室","idb":5,"name":"木下　友貴","tel":"3709","memo":"","alunch":"○","slunch":"○","kubun":"","dest":"","period":"","sign1":"","signd1":"","sign2":"","signd2":"","remark":"","sdate":"2021-09-02","_id":"8202109021900069"}
{"odr":6001,"belong":"成形加工研究室","idb":6,"name":"市川　健太郎","tel":"3304","memo":"","alunch":"○","slunch":"○","kubun":"","dest":"","period":"","sign1":"","signd1":"","sign2":"","signd2":"","remark":"","sdate":"2021-09-02","_id":"8202109021900070"}
{"odr":6002,"belong":"成形加工研究室","idb":6,"name":"奥山　美憲","tel":"3309","memo":"","alunch":"○","slunch":"○","kubun":"","dest":"","period":"","sign1":"","signd1":"","sign2":"","signd2":"","remark":"","sdate":"2021-09-02","_id":"8202109021900071"}
{"odr":6003,"belong":"成形加工研究室","idb":6,"name":"小林　具実","tel":"3080","memo":"","alunch":"×","slunch":"×","kubun":"","dest":"","period":"","sign1":"","signd1":"","sign2":"","signd2":"","remark":"","sdate":"2021-09-02","_id":"8202109021900072"}
{"odr":6004,"belong":"成形加工研究室","idb":6,"name":"山田　真司","tel":"3405","memo":"","alunch":"×","slunch":"×","kubun":"","dest":"","period":"","sign1":"","signd1":"","sign2":"","signd2":"","remark":"","sdate":"2021-09-02","_id":"8202109021900073"}
{"odr":6005,"belong":"成形加工研究室","idb":6,"name":"渡辺　和伸","tel":"3306","memo":"","alunch":"×","slunch":"×","kubun":"","dest":"","period":"","sign1":"","signd1":"","sign2":"","signd2":"","remark":"","sdate":"2021-09-02","_id":"8202109021900074"}
{"odr":6006,"belong":"成形加工研究室","idb":6,"name":"國廣　一郎","tel":"3307","memo":"","alunch":"×","slunch":"×","kubun":"","dest":"","period":"","sign1":"","signd1":"","sign2":"","signd2":"","remark":"","sdate":"2021-09-02","_id":"8202109021900075"}
{"odr":6007,"belong":"成形加工研究室","idb":6,"name":"藍原　武志","tel":"3310","memo":"","alunch":"×","slunch":"×","kubun":"","dest":"","period":"","sign1":"","signd1":"","sign2":"","signd2":"","remark":"","sdate":"2021-09-02","_id":"8202109021900076"}
{"odr":6008,"belong":"成形加工研究室","idb":6,"name":"末永　亮","tel":"3312","memo":"","alunch":"○","slunch":"○","kubun":"","dest":"","period":"","sign1":"","signd1":"","sign2":"","signd2":"","remark":"","sdate":"2021-09-02","_id":"8202109021900077"}
{"odr":6009,"belong":"成形加工研究室","idb":6,"name":"城石　亮蔵","tel":"3316","memo":"","alunch":"○","slunch":"○","kubun":"","dest":"","period":"","sign1":"","signd1":"","sign2":"","signd2":"","remark":"","sdate":"2021-09-02","_id":"8202109021900078"}
{"odr":6010,"belong":"成形加工研究室","idb":6,"name":"青谷　正毅","tel":"3318","memo":"","alunch":"○","slunch":"○","kubun":"","dest":"","period":"","sign1":"","signd1":"","sign2":"","signd2":"","remark":"","sdate":"2021-09-02","_id":"8202109021900079"}
{"odr":6011,"belong":"成形加工研究室","idb":6,"name":"瀬上　幸太","tel":"3323","memo":"","alunch":"○","slunch":"○","kubun":"","dest":"","period":"","sign1":"","signd1":"","sign2":"","signd2":"","remark":"","sdate":"2021-09-02","_id":"8202109021900080"}
{"odr":6012,"belong":"成形加工研究室","idb":6,"name":"東　利房","tel":"3324","memo":"","alunch":"○","slunch":"○","kubun":"","dest":"","period":"","sign1":"","signd1":"","sign2":"","signd2":"","remark":"","sdate":"2021-09-02","_id":"8202109021900081"}
{"odr":6013,"belong":"成形加工研究室","idb":6,"name":"國則　正弘","tel":"3311","memo":"","alunch":"×","slunch":"×","kubun":"","dest":"","period":"","sign1":"","signd1":"","sign2":"","signd2":"","remark":"","sdate":"2021-09-02","_id":"8202109021900082"}
{"odr":6014,"belong":"成形加工研究室","idb":6,"name":"松本　尚也","tel":"3327","memo":"","alunch":"○","slunch":"○","kubun":"","dest":"","period":"","sign1":"","signd1":"","sign2":"","signd2":"","remark":"","sdate":"2021-09-02","_id":"8202109021900083"}
{"odr":6015,"belong":"成形加工研究室","idb":6,"name":"飯野　裕喜","tel":"3114","memo":"","alunch":"×","slunch":"×","kubun":"","dest":"","period":"","sign1":"","signd1":"","sign2":"","signd2":"","remark":"","sdate":"2021-09-02","_id":"8202109021900084"}
{"odr":6016,"belong":"成形加工研究室","idb":6,"name":"木村　諭男","tel":"3302","memo":"","alunch":"○","slunch":"○","kubun":"","dest":"","period":"","sign1":"","signd1":"","sign2":"","signd2":"","remark":"","sdate":"2021-09-02","_id":"8202109021900085"}
{"odr":6017,"belong":"成形加工研究室","idb":6,"name":"丸山　友樹","tel":"3505","memo":"","alunch":"○","slunch":"○","kubun":"","dest":"","period":"","sign1":"","signd1":"","sign2":"","signd2":"","remark":"","sdate":"2021-09-02","_id":"8202109021900086"}
{"odr":6018,"belong":"成形加工研究室","idb":6,"name":"島村　真広","tel":"3321","memo":"育休<br>～2022年2月","alunch":"×","slunch":"×","kubun":"休暇","dest":"","period":"","sign1":"","signd1":"","sign2":"","signd2":"","remark":"","sdate":"2021-09-02","_id":"8202109021900087"}
{"odr":6019,"belong":"成形加工研究室","idb":6,"name":"熊谷　拓甫","tel":"3403","memo":"","alunch":"○","slunch":"○","kubun":"","dest":"","period":"","sign1":"","signd1":"","sign2":"","signd2":"","remark":"","sdate":"2021-09-02","_id":"8202109021900088"}
{"odr":6020,"belong":"成形加工研究室","idb":6,"name":"小川　智裕","tel":"3085","memo":"","alunch":"×","slunch":"×","kubun":"","dest":"","period":"","sign1":"","signd1":"","sign2":"","signd2":"","remark":"","sdate":"2021-09-02","_id":"8202109021900089"}
{"odr":6021,"belong":"成形加工研究室","idb":6,"name":"平松　健太","tel":"3062","memo":"","alunch":"×","slunch":"×","kubun":"","dest":"","period":"","sign1":"","signd1":"","sign2":"","signd2":"","remark":"","sdate":"2021-09-02","_id":"8202109021900090"}
{"odr":6022,"belong":"成形加工研究室","idb":6,"name":"篠﨑　瑞生","tel":"3601","memo":"","alunch":"○","slunch":"○","kubun":"","dest":"","period":"","sign1":"","signd1":"","sign2":"","signd2":"","remark":"","sdate":"2021-09-02","_id":"8202109021900091"}
{"odr":6023,"belong":"成形加工研究室","idb":6,"name":"曽我　龍熙","tel":"3315","memo":"","alunch":"×","slunch":"×","kubun":"","dest":"","period":"","sign1":"","signd1":"","sign2":"","signd2":"","remark":"","sdate":"2021-09-02","_id":"8202109021900092"}
{"odr":7001,"belong":"情報数理研究室","idb":7,"name":"清水　博長","tel":"3402","memo":"","alunch":"×","slunch":"×","kubun":"","dest":"","period":"","sign1":"","signd1":"","sign2":"","signd2":"","remark":"","sdate":"2021-09-02","_id":"8202109021900093"}
{"odr":7002,"belong":"情報数理研究室","idb":7,"name":"鷲崎　俊朗","tel":"3400","memo":"","alunch":"×","slunch":"×","kubun":"","dest":"","period":"","sign1":"","signd1":"","sign2":"","signd2":"","remark":"","sdate":"2021-09-02","_id":"8202109021900094"}
{"odr":7003,"belong":"情報数理研究室","idb":7,"name":"堀内　祥平","tel":"3408","memo":"","alunch":"×","slunch":"×","kubun":"","dest":"","period":"","sign1":"","signd1":"","sign2":"","signd2":"","remark":"","sdate":"2021-09-02","_id":"8202109021900095"}
{"odr":7004,"belong":"情報数理研究室","idb":7,"name":"野村　哲郎","tel":"3404","memo":"","alunch":"×","slunch":"×","kubun":"","dest":"","period":"","sign1":"","signd1":"","sign2":"","signd2":"","remark":"","sdate":"2021-09-02","_id":"8202109021900096"}
{"odr":7005,"belong":"情報数理研究室","idb":7,"name":"柏原　賢","tel":"3320","memo":"","alunch":"×","slunch":"×","kubun":"","dest":"","period":"","sign1":"","signd1":"","sign2":"","signd2":"","remark":"","sdate":"2021-09-02","_id":"8202109021900097"}
{"odr":7006,"belong":"情報数理研究室","idb":7,"name":"赤松　慎也","tel":"3406","memo":"","alunch":"○","slunch":"○","kubun":"","dest":"","period":"","sign1":"","signd1":"","sign2":"","signd2":"","remark":"","sdate":"2021-09-02","_id":"8202109021900098"}
{"odr":7007,"belong":"情報数理研究室","idb":7,"name":"田所　洋一","tel":"3411","memo":"","alunch":"○","slunch":"○","kubun":"","dest":"","period":"","sign1":"","signd1":"","sign2":"","signd2":"","remark":"","sdate":"2021-09-02","_id":"8202109021900099"}
{"odr":7008,"belong":"情報数理研究室","idb":7,"name":"黒田　純司","tel":"3716","memo":"","alunch":"○","slunch":"○","kubun":"","dest":"","period":"","sign1":"","signd1":"","sign2":"","signd2":"","remark":"","sdate":"2021-09-02","_id":"8202109021900100"}
{"odr":7009,"belong":"情報数理研究室","idb":7,"name":"中村　圭亨","tel":"3718","memo":"","alunch":"×","slunch":"×","kubun":"","dest":"","period":"","sign1":"","signd1":"","sign2":"","signd2":"","remark":"","sdate":"2021-09-02","_id":"8202109021900101"}
{"odr":7010,"belong":"情報数理研究室","idb":7,"name":"原　萌子","tel":"3094","memo":"","alunch":"○","slunch":"○","kubun":"","dest":"","period":"","sign1":"","signd1":"","sign2":"","signd2":"","remark":"","sdate":"2021-09-02","_id":"8202109021900102"}
{"odr":7011,"belong":"情報数理研究室","idb":7,"name":"張　捷","tel":"3407","memo":"","alunch":"×","slunch":"×","kubun":"","dest":"","period":"","sign1":"","signd1":"","sign2":"","signd2":"","remark":"","sdate":"2021-09-02","_id":"8202109021900103"}
{"odr":7012,"belong":"情報数理研究室","idb":7,"name":"猪爪　誠太","tel":"3107","memo":"","alunch":"×","slunch":"×","kubun":"","dest":"","period":"","sign1":"","signd1":"","sign2":"","signd2":"","remark":"","sdate":"2021-09-02","_id":"8202109021900104"}
{"odr":8001,"belong":"調査企画室","idb":8,"name":"吉田　充裕","tel":"3001","memo":"","alunch":"○","slunch":"○","kubun":"","dest":"","period":"","sign1":"","signd1":"","sign2":"","signd2":"","remark":"","sdate":"2021-09-02","_id":"8202109021900105"}
{"odr":8002,"belong":"調査企画室","idb":8,"name":"中島　和輝","tel":"3606","memo":"","alunch":"○","slunch":"○","kubun":"","dest":"","period":"","sign1":"","signd1":"","sign2":"","signd2":"","remark":"","sdate":"2021-09-02","_id":"8202109021900106"}
{"odr":8003,"belong":"調査企画室","idb":8,"name":"高橋　由紀子","tel":"3215","memo":"","alunch":"×","slunch":"×","kubun":"休暇","dest":"","period":"","sign1":"","signd1":"","sign2":"","signd2":"","remark":"","sdate":"2021-09-02","_id":"8202109021900107"}
{"odr":8004,"belong":"調査企画室","idb":8,"name":"村松　かんな","tel":"3705","memo":"","alunch":"×","slunch":"×","kubun":"","dest":"","period":"","sign1":"","signd1":"","sign2":"","signd2":"","remark":"","sdate":"2021-09-02","_id":"8202109021900108"}
{"odr":9001,"belong":"特許室","idb":9,"name":"大森　仁","tel":"3065","memo":"","alunch":"×","slunch":"×","kubun":"","dest":"","period":"","sign1":"","signd1":"","sign2":"","signd2":"","remark":"","sdate":"2021-09-02","_id":"8202109021900109"}
{"odr":9002,"belong":"特許室","idb":9,"name":"町井　昭彦","tel":"3060","memo":"","alunch":"○","slunch":"○","kubun":"","dest":"","period":"","sign1":"","signd1":"","sign2":"","signd2":"","remark":"","sdate":"2021-09-02","_id":"8202109021900110"}
{"odr":9003,"belong":"特許室","idb":9,"name":"柏渕　リエ","tel":"3040","memo":"","alunch":"×","slunch":"×","kubun":"","dest":"","period":"","sign1":"","signd1":"","sign2":"","signd2":"","remark":"","sdate":"2021-09-02","_id":"8202109021900111"}
{"odr":9004,"belong":"特許室","idb":9,"name":"太田　芳弘","tel":"3207","memo":"","alunch":"×","slunch":"×","kubun":"","dest":"","period":"","sign1":"","signd1":"","sign2":"","signd2":"","remark":"","sdate":"2021-09-02","_id":"8202109021900112"}
{"odr":9005,"belong":"特許室","idb":9,"name":"渡部　光","tel":"3721","memo":"","alunch":"×","slunch":"×","kubun":"","dest":"","period":"","sign1":"","signd1":"","sign2":"","signd2":"","remark":"","sdate":"2021-09-02","_id":"8202109021900113"}
{"odr":9006,"belong":"特許室","idb":9,"name":"青柳　水希","tel":"3100","memo":"","alunch":"×","slunch":"×","kubun":"","dest":"","period":"","sign1":"","signd1":"","sign2":"","signd2":"","remark":"","sdate":"2021-09-02","_id":"8202109021900114"}
{"odr":10001,"belong":"事務室","idb":10,"name":"甲斐　正次郎","tel":"3611","memo":"","alunch":"×","slunch":"○","kubun":"テレワーク","dest":"","period":"","sign1":"","signd1":"","sign2":"","signd2":"","remark":"","sdate":"2021-09-02","_id":"8202109021900115"}
{"odr":10002,"belong":"事務室","idb":10,"name":"由井　義明","tel":"3319","memo":"","alunch":"×","slunch":"×","kubun":"","dest":"","period":"","sign1":"","signd1":"","sign2":"","signd2":"","remark":"","sdate":"2021-09-02","_id":"8202109021900116"}
{"odr":10003,"belong":"事務室","idb":10,"name":"酒井　友弘","tel":"3098","memo":"","alunch":"○","slunch":"○","kubun":"","dest":"","period":"","sign1":"","signd1":"","sign2":"","signd2":"","remark":"","sdate":"2021-09-02","_id":"8202109021900117"}
{"odr":10004,"belong":"事務室","idb":10,"name":"小磯　宣久","tel":"3099","memo":"","alunch":"○","slunch":"○","kubun":"","dest":"","period":"","sign1":"","signd1":"","sign2":"","signd2":"","remark":"","sdate":"2021-09-02","_id":"8202109021900118"}
{"odr":10005,"belong":"事務室","idb":10,"name":"大島　美佳","tel":"3061","memo":"","alunch":"×","slunch":"×","kubun":"","dest":"","period":"","sign1":"","signd1":"","sign2":"","signd2":"","remark":"","sdate":"2021-09-02","_id":"8202109021900119"}
{"odr":10006,"belong":"事務室","idb":10,"name":"多田　哲朗","tel":"3063","memo":"","alunch":"○","slunch":"○","kubun":"","dest":"","period":"","sign1":"","signd1":"","sign2":"","signd2":"","remark":"","sdate":"2021-09-02","_id":"8202109021900120"}
{"odr":10007,"belong":"事務室","idb":10,"name":"木瀧　美奈子","tel":"3036","memo":"","alunch":"×","slunch":"×","kubun":"","dest":"","period":"","sign1":"","signd1":"","sign2":"","signd2":"","remark":"","sdate":"2021-09-02","_id":"8202109021900121"}
{"odr":10008,"belong":"事務室","idb":10,"name":"江頭　　睦雄","tel":"3102","memo":"","alunch":"○","slunch":"○","kubun":"","dest":"","period":"","sign1":"","signd1":"","sign2":"","signd2":"","remark":"","sdate":"2021-09-02","_id":"8202109021900122"}
{"odr":10009,"belong":"","idb":11,"name":"","tel":"","memo":"","alunch":"","slunch":"","kubun":"","dest":"","period":"","sign1":"","signd1":"","sign2":"","signd2":"","remark":"","sdate":"2021-09-02","_id":"8202109021900123"}
{"odr":1001,"belong":"所長","idb":1,"name":"佐藤　一弘","tel":"3082","memo":"","alunch":"×","slunch":"×","kubun":"","dest":"","period":"","sign1":"","signd1":"","sign2":"","signd2":"","remark":"","sdate":"2021-09-03","_id":"8202109032000000"}
{"odr":1002,"belong":"プロセス研究部長<br>兼研究推進部長","idb":1,"name":"高尾　健一","tel":"3300","memo":"","alunch":"○","slunch":"○","kubun":"","dest":"","period":"","sign1":"","signd1":"","sign2":"","signd2":"","remark":"","sdate":"2021-09-03","_id":"8202109032000001"}
{"odr":1003,"belong":"マテリアル研究部長","idb":1,"name":"石崎　庸一","tel":"3070","memo":"","alunch":"○","slunch":"○","kubun":"","dest":"","period":"","sign1":"","signd1":"","sign2":"","signd2":"","remark":"","sdate":"2021-09-03","_id":"8202109032000002"}
{"odr":2001,"belong":"機能材料研究室","idb":2,"name":"大橋　和彰","tel":"3103","memo":"","alunch":"○","slunch":"○","kubun":"","dest":"","period":"","sign1":"","signd1":"","sign2":"","signd2":"","remark":"","sdate":"2021-09-03","_id":"8202109032000003"}
{"odr":2002,"belong":"機能材料研究室","idb":2,"name":"苅部　林也","tel":"3095","memo":"","alunch":"×","slunch":"×","kubun":"","dest":"","period":"","sign1":"","signd1":"","sign2":"","signd2":"","remark":"","sdate":"2021-09-03","_id":"8202109032000004"}
{"odr":2003,"belong":"機能材料研究室","idb":2,"name":"鈴木　太郎","tel":"3412","memo":"","alunch":"○","slunch":"○","kubun":"","dest":"","period":"","sign1":"","signd1":"","sign2":"","signd2":"","remark":"","sdate":"2021-09-03","_id":"8202109032000005"}
{"odr":2004,"belong":"機能材料研究室","idb":2,"name":"小沢　和美","tel":"3113","memo":"","alunch":"×","slunch":"×","kubun":"","dest":"","period":"","sign1":"","signd1":"","sign2":"","signd2":"","remark":"","sdate":"2021-09-03","_id":"8202109032000006"}
{"odr":2005,"belong":"機能材料研究室","idb":2,"name":"小坂　泰啓","tel":"3105","memo":"","alunch":"○","slunch":"○","kubun":"","dest":"","period":"","sign1":"","signd1":"","sign2":"","signd2":"","remark":"","sdate":"2021-09-03","_id":"8202109032000007"}
{"odr":2006,"belong":"機能材料研究室","idb":2,"name":"田中　郷史","tel":"3209","memo":"","alunch":"○","slunch":"○","kubun":"","dest":"","period":"","sign1":"","signd1":"","sign2":"","signd2":"","remark":"","sdate":"2021-09-03","_id":"8202109032000008"}
{"odr":2007,"belong":"機能材料研究室","idb":2,"name":"緒方　章子","tel":"3112","memo":"","alunch":"×","slunch":"×","kubun":"","dest":"","period":"","sign1":"","signd1":"","sign2":"","signd2":"","remark":"","sdate":"2021-09-03","_id":"8202109032000009"}
{"odr":2008,"belong":"機能材料研究室","idb":2,"name":"戸谷　貴彦","tel":"3217","memo":"","alunch":"○","slunch":"○","kubun":"","dest":"","period":"","sign1":"","signd1":"","sign2":"","signd2":"","remark":"","sdate":"2021-09-03","_id":"8202109032000010"}
{"odr":2009,"belong":"機能材料研究室","idb":2,"name":"南郷　瞬也","tel":"3317","memo":"","alunch":"○","slunch":"○","kubun":"","dest":"","period":"","sign1":"","signd1":"","sign2":"","signd2":"","remark":"","sdate":"2021-09-03","_id":"8202109032000011"}
{"odr":2010,"belong":"機能材料研究室","idb":2,"name":"柏倉　拓也","tel":"3110","memo":"","alunch":"○","slunch":"○","kubun":"","dest":"","period":"","sign1":"","signd1":"","sign2":"","signd2":"","remark":"","sdate":"2021-09-03","_id":"8202109032000012"}
{"odr":2011,"belong":"機能材料研究室","idb":2,"name":"奥山　真平","tel":"3202","memo":"","alunch":"×","slunch":"×","kubun":"","dest":"","period":"","sign1":"","signd1":"","sign2":"","signd2":"","remark":"","sdate":"2021-09-03","_id":"8202109032000013"}
{"odr":2012,"belong":"機能材料研究室","idb":2,"name":"三溝　真梨子","tel":"3097","memo":"","alunch":"×","slunch":"×","kubun":"テレワーク","dest":"","period":"","sign1":"大橋","signd1":"2021-08-11","sign2":"","signd2":"","remark":"","sdate":"2021-09-03","_id":"8202109032000014"}
{"odr":2013,"belong":"機能材料研究室","idb":2,"name":"小関　修","tel":"3206","memo":"","alunch":"×","slunch":"×","kubun":"","dest":"","period":"","sign1":"","signd1":"","sign2":"","signd2":"","remark":"","sdate":"2021-09-03","_id":"8202109032000015"}
{"odr":2014,"belong":"機能材料研究室","idb":2,"name":"櫻木　新","tel":"3700","memo":"","alunch":"○","slunch":"○","kubun":"","dest":"","period":"","sign1":"","signd1":"","sign2":"","signd2":"","remark":"","sdate":"2021-09-03","_id":"8202109032000016"}
{"odr":2015,"belong":"機能材料研究室","idb":2,"name":"八木澤　美理","tel":"3706","memo":"","alunch":"×","slunch":"×","kubun":"","dest":"","period":"","sign1":"","signd1":"","sign2":"","signd2":"","remark":"","sdate":"2021-09-03","_id":"8202109032000017"}
{"odr":2016,"belong":"機能材料研究室","idb":2,"name":"高山　圭将","tel":"3712","memo":"","alunch":"○","slunch":"○","kubun":"","dest":"","period":"","sign1":"","signd1":"","sign2":"","signd2":"","remark":"","sdate":"2021-09-03","_id":"8202109032000018"}
{"odr":2017,"belong":"機能材料研究室","idb":2,"name":"生田目　大輔","tel":"3715","memo":"","alunch":"○","slunch":"○","kubun":"","dest":"","period":"","sign1":"","signd1":"","sign2":"","signd2":"","remark":"","sdate":"2021-09-03","_id":"8202109032000019"}
{"odr":2018,"belong":"機能材料研究室","idb":2,"name":"西山　喬晴","tel":"3088","memo":"","alunch":"×","slunch":"×","kubun":"","dest":"","period":"","sign1":"","signd1":"","sign2":"","signd2":"","remark":"","sdate":"2021-09-03","_id":"8202109032000020"}
{"odr":2019,"belong":"機能材料研究室","idb":2,"name":"山本　宏美","tel":"3089","memo":"","alunch":"○","slunch":"○","kubun":"","dest":"","period":"","sign1":"","signd1":"","sign2":"","signd2":"","remark":"","sdate":"2021-09-03","_id":"8202109032000021"}
{"odr":2020,"belong":"機能材料研究室","idb":2,"name":"簾　聡太郎","tel":"3610","memo":"","alunch":"○","slunch":"○","kubun":"","dest":"","period":"","sign1":"","signd1":"","sign2":"","signd2":"","remark":"","sdate":"2021-09-03","_id":"8202109032000022"}
{"odr":2021,"belong":"機能材料研究室","idb":2,"name":"池田　航歩","tel":"3106","memo":"","alunch":"○","slunch":"○","kubun":"","dest":"","period":"","sign1":"","signd1":"","sign2":"","signd2":"","remark":"","sdate":"2021-09-03","_id":"8202109032000023"}
{"odr":3001,"belong":"包装材料研究室","idb":3,"name":"阿久津　洋介","tel":"3200","memo":"","alunch":"○","slunch":"○","kubun":"","dest":"","period":"","sign1":"","signd1":"","sign2":"","signd2":"","remark":"","sdate":"2021-09-03","_id":"8202109032000024"}
{"odr":3002,"belong":"包装材料研究室","idb":3,"name":"山田　俊樹","tel":"3204","memo":"","alunch":"○","slunch":"○","kubun":"","dest":"","period":"","sign1":"","signd1":"","sign2":"","signd2":"","remark":"","sdate":"2021-09-03","_id":"8202109032000025"}
{"odr":3003,"belong":"包装材料研究室","idb":3,"name":"湯淺　義之","tel":"3409","memo":"","alunch":"×","slunch":"○","kubun":"休暇","dest":"","period":"","sign1":"湯淺","signd1":"2021-08-10","sign2":"","signd2":"","remark":"","sdate":"2021-09-03","_id":"8202109032000026"}
{"odr":3004,"belong":"包装材料研究室","idb":3,"name":"川眞田　大輔","tel":"3212","memo":"","alunch":"○","slunch":"○","kubun":"","dest":"","period":"","sign1":"","signd1":"","sign2":"","signd2":"","remark":"","sdate":"2021-09-03","_id":"8202109032000027"}
{"odr":3005,"belong":"包装材料研究室","idb":3,"name":"宮井　智弘","tel":"3308","memo":"","alunch":"×","slunch":"×","kubun":"","dest":"","period":"","sign1":"","signd1":"","sign2":"","signd2":"","remark":"","sdate":"2021-09-03","_id":"8202109032000028"}
{"odr":3006,"belong":"包装材料研究室","idb":3,"name":"阿久沢　典男","tel":"3210","memo":"","alunch":"×","slunch":"×","kubun":"","dest":"","period":"","sign1":"","signd1":"","sign2":"","signd2":"","remark":"","sdate":"2021-09-03","_id":"8202109032000029"}
{"odr":3007,"belong":"包装材料研究室","idb":3,"name":"田代　裕樹","tel":"3216","memo":"","alunch":"○","slunch":"○","kubun":"","dest":"","period":"","sign1":"","signd1":"","sign2":"","signd2":"","remark":"","sdate":"2021-09-03","_id":"8202109032000030"}
{"odr":3008,"belong":"包装材料研究室","idb":3,"name":"長濵　英昭","tel":"3211","memo":"","alunch":"○","slunch":"○","kubun":"","dest":"","period":"","sign1":"","signd1":"","sign2":"","signd2":"","remark":"","sdate":"2021-09-03","_id":"8202109032000031"}
{"odr":3009,"belong":"包装材料研究室","idb":3,"name":"澤　芳樹","tel":"3091","memo":"","alunch":"○","slunch":"○","kubun":"","dest":"","period":"","sign1":"","signd1":"","sign2":"","signd2":"","remark":"","sdate":"2021-09-03","_id":"8202109032000032"}
{"odr":3010,"belong":"包装材料研究室","idb":3,"name":"岩本　晋也","tel":"3111","memo":"","alunch":"○","slunch":"○","kubun":"","dest":"","period":"","sign1":"","signd1":"","sign2":"","signd2":"","remark":"","sdate":"2021-09-03","_id":"8202109032000033"}
{"odr":3011,"belong":"包装材料研究室","idb":3,"name":"井口　梓","tel":"3101","memo":"","alunch":"×","slunch":"×","kubun":"","dest":"","period":"","sign1":"","signd1":"","sign2":"","signd2":"","remark":"","sdate":"2021-09-03","_id":"8202109032000034"}
{"odr":3012,"belong":"包装材料研究室","idb":3,"name":"小林　祐介","tel":"3503","memo":"","alunch":"○","slunch":"○","kubun":"","dest":"","period":"","sign1":"","signd1":"","sign2":"","signd2":"","remark":"","sdate":"2021-09-03","_id":"8202109032000035"}
{"odr":3013,"belong":"包装材料研究室","idb":3,"name":"田口　智啓","tel":"3203","memo":"","alunch":"○","slunch":"○","kubun":"","dest":"","period":"","sign1":"","signd1":"","sign2":"","signd2":"","remark":"","sdate":"2021-09-03","_id":"8202109032000036"}
{"odr":3014,"belong":"包装材料研究室","idb":3,"name":"村上　卓生","tel":"3703","memo":"","alunch":"○","slunch":"○","kubun":"","dest":"","period":"","sign1":"","signd1":"","sign2":"","signd2":"","remark":"","sdate":"2021-09-03","_id":"8202109032000037"}
{"odr":3015,"belong":"包装材料研究室","idb":3,"name":"駒形　大樹","tel":"3711","memo":"","alunch":"○","slunch":"○","kubun":"","dest":"","period":"","sign1":"","signd1":"","sign2":"","signd2":"","remark":"","sdate":"2021-09-03","_id":"8202109032000038"}
{"odr":3016,"belong":"包装材料研究室","idb":3,"name":"鶴田　一弘","tel":"3713","memo":"","alunch":"○","slunch":"×","kubun":"","dest":"","period":"","sign1":"","signd1":"","sign2":"","signd2":"","remark":"","sdate":"2021-09-03","_id":"8202109032000039"}
{"odr":3017,"belong":"包装材料研究室","idb":3,"name":"柴田　幸樹","tel":"3717","memo":"","alunch":"○","slunch":"○","kubun":"","dest":"","period":"","sign1":"","signd1":"","sign2":"","signd2":"","remark":"","sdate":"2021-09-03","_id":"8202109032000040"}
{"odr":3018,"belong":"包装材料研究室","idb":3,"name":"杉岡　沙耶","tel":"3714","memo":"","alunch":"○","slunch":"○","kubun":"","dest":"","period":"","sign1":"","signd1":"","sign2":"","signd2":"","remark":"","sdate":"2021-09-03","_id":"8202109032000041"}
{"odr":3019,"belong":"包装材料研究室","idb":3,"name":"赤羽根　敬弘","tel":"3083","memo":"","alunch":"×","slunch":"×","kubun":"","dest":"","period":"","sign1":"","signd1":"","sign2":"","signd2":"","remark":"","sdate":"2021-09-03","_id":"8202109032000042"}
{"odr":3020,"belong":"包装材料研究室","idb":3,"name":"市川　健司","tel":"3084","memo":"","alunch":"×","slunch":"×","kubun":"","dest":"","period":"","sign1":"","signd1":"","sign2":"","signd2":"","remark":"","sdate":"2021-09-03","_id":"8202109032000043"}
{"odr":3021,"belong":"包装材料研究室","idb":3,"name":"土屋　大地","tel":"3087","memo":"","alunch":"×","slunch":"×","kubun":"","dest":"","period":"","sign1":"","signd1":"","sign2":"","signd2":"","remark":"","sdate":"2021-09-03","_id":"8202109032000044"}
{"odr":3022,"belong":"包装材料研究室","idb":3,"name":"伊藤　碧","tel":"3092","memo":"","alunch":"×","slunch":"×","kubun":"","dest":"","period":"","sign1":"","signd1":"","sign2":"","signd2":"","remark":"","sdate":"2021-09-03","_id":"8202109032000045"}
{"odr":3023,"belong":"包装材料研究室","idb":3,"name":"江幡　篤","tel":"3090","memo":"","alunch":"×","slunch":"×","kubun":"","dest":"","period":"","sign1":"","signd1":"","sign2":"","signd2":"","remark":"","sdate":"2021-09-03","_id":"8202109032000046"}
{"odr":3024,"belong":"包装材料研究室","idb":3,"name":"島野　佳織","tel":"3093","memo":"","alunch":"×","slunch":"×","kubun":"","dest":"","period":"","sign1":"","signd1":"","sign2":"","signd2":"","remark":"","sdate":"2021-09-03","_id":"8202109032000047"}
{"odr":3025,"belong":"包装材料研究室","idb":3,"name":"福嶋　萩人","tel":"3066","memo":"","alunch":"○","slunch":"○","kubun":"","dest":"","period":"","sign1":"","signd1":"","sign2":"","signd2":"","remark":"","sdate":"2021-09-03","_id":"8202109032000048"}
{"odr":3026,"belong":"包装材料研究室","idb":3,"name":"前田　慎一郎","tel":"3071","memo":"","alunch":"○","slunch":"○","kubun":"","dest":"","period":"","sign1":"","signd1":"","sign2":"","signd2":"","remark":"","sdate":"2021-09-03","_id":"8202109032000049"}
{"odr":3027,"belong":"包装材料研究室","idb":3,"name":"間嶋　健矢","tel":"3081","memo":"","alunch":"×","slunch":"×","kubun":"","dest":"","period":"","sign1":"","signd1":"","sign2":"","signd2":"","remark":"","sdate":"2021-09-03","_id":"8202109032000050"}
{"odr":3028,"belong":"包装材料研究室","idb":3,"name":"三木　祥平","tel":"3607","memo":"","alunch":"×","slunch":"×","kubun":"","dest":"","period":"","sign1":"","signd1":"","sign2":"","signd2":"","remark":"","sdate":"2021-09-03","_id":"8202109032000051"}
{"odr":3029,"belong":"包装材料研究室","idb":3,"name":"小林　楓","tel":"3109","memo":"","alunch":"○","slunch":"○","kubun":"","dest":"","period":"","sign1":"","signd1":"","sign2":"","signd2":"","remark":"","sdate":"2021-09-03","_id":"8202109032000052"}
{"odr":3030,"belong":"包装材料研究室","idb":3,"name":"野口　誠一郎","tel":"3325","memo":"","alunch":"×","slunch":"×","kubun":"","dest":"","period":"","sign1":"","signd1":"","sign2":"","signd2":"","remark":"","sdate":"2021-09-03","_id":"8202109032000053"}
{"odr":3031,"belong":"包装材料研究室","idb":3,"name":"室江　拓哉","tel":"3504","memo":"","alunch":"×","slunch":"×","kubun":"","dest":"","period":"","sign1":"","signd1":"","sign2":"","signd2":"","remark":"","sdate":"2021-09-03","_id":"8202109032000054"}
{"odr":3032,"belong":"包装材料研究室","idb":3,"name":"門脇　菜穂","tel":"3313","memo":"","alunch":"○","slunch":"○","kubun":"","dest":"","period":"","sign1":"","signd1":"","sign2":"","signd2":"","remark":"","sdate":"2021-09-03","_id":"8202109032000055"}
{"odr":3033,"belong":"包装材料研究室","idb":3,"name":"古橋　越也","tel":"3326","memo":"","alunch":"○","slunch":"○","kubun":"","dest":"","period":"","sign1":"","signd1":"","sign2":"","signd2":"","remark":"","sdate":"2021-09-03","_id":"8202109032000056"}
{"odr":4001,"belong":"生物化学研究室","idb":4,"name":"一色　淳憲","tel":"3602","memo":"","alunch":"○","slunch":"×","kubun":"","dest":"","period":"","sign1":"","signd1":"","sign2":"","signd2":"","remark":"","sdate":"2021-09-03","_id":"8202109032000057"}
{"odr":4002,"belong":"生物化学研究室","idb":4,"name":"大津　貴義","tel":"3603","memo":"","alunch":"○","slunch":"○","kubun":"","dest":"","period":"","sign1":"","signd1":"","sign2":"","signd2":"","remark":"","sdate":"2021-09-03","_id":"8202109032000058"}
{"odr":4003,"belong":"生物化学研究室","idb":4,"name":"片山　傳喜","tel":"3608","memo":"","alunch":"×","slunch":"×","kubun":"","dest":"","period":"","sign1":"","signd1":"","sign2":"","signd2":"","remark":"","sdate":"2021-09-03","_id":"8202109032000059"}
{"odr":4004,"belong":"生物化学研究室","idb":4,"name":"山崎　隆明","tel":"3086","memo":"","alunch":"○","slunch":"○","kubun":"","dest":"","period":"","sign1":"","signd1":"","sign2":"","signd2":"","remark":"","sdate":"2021-09-03","_id":"8202109032000060"}
{"odr":4005,"belong":"生物化学研究室","idb":4,"name":"道志　弘輝","tel":"3701","memo":"","alunch":"○","slunch":"○","kubun":"","dest":"","period":"","sign1":"","signd1":"","sign2":"","signd2":"","remark":"","sdate":"2021-09-03","_id":"8202109032000061"}
{"odr":4006,"belong":"生物化学研究室","idb":4,"name":"寿命　伸哉","tel":"3710","memo":"","alunch":"×","slunch":"×","kubun":"","dest":"","period":"","sign1":"","signd1":"","sign2":"","signd2":"","remark":"","sdate":"2021-09-03","_id":"8202109032000062"}
{"odr":5001,"belong":"分析化学研究室","idb":5,"name":"平川　叙夫","tel":"3501","memo":"","alunch":"○","slunch":"○","kubun":"","dest":"","period":"","sign1":"","signd1":"","sign2":"","signd2":"","remark":"","sdate":"2021-09-03","_id":"8202109032000063"}
{"odr":5002,"belong":"分析化学研究室","idb":5,"name":"細野　寛子","tel":"3500","memo":"","alunch":"○","slunch":"○","kubun":"","dest":"","period":"","sign1":"","signd1":"","sign2":"","signd2":"","remark":"","sdate":"2021-09-03","_id":"8202109032000064"}
{"odr":5003,"belong":"分析化学研究室","idb":5,"name":"谷川　弥和子","tel":"3502","memo":"","alunch":"×","slunch":"×","kubun":"","dest":"","period":"","sign1":"","signd1":"","sign2":"","signd2":"","remark":"","sdate":"2021-09-03","_id":"8202109032000065"}
{"odr":5004,"belong":"分析化学研究室","idb":5,"name":"笠井　杏","tel":"3108","memo":"","alunch":"○","slunch":"○","kubun":"","dest":"","period":"","sign1":"","signd1":"","sign2":"","signd2":"","remark":"","sdate":"2021-09-03","_id":"8202109032000066"}
{"odr":5005,"belong":"分析化学研究室","idb":5,"name":"大塚　貴子","tel":"3702","memo":"","alunch":"○","slunch":"○","kubun":"","dest":"","period":"","sign1":"","signd1":"","sign2":"","signd2":"","remark":"","sdate":"2021-09-03","_id":"8202109032000067"}
{"odr":5006,"belong":"分析化学研究室","idb":5,"name":"張　楠","tel":"3205","memo":"","alunch":"○","slunch":"○","kubun":"","dest":"","period":"","sign1":"","signd1":"","sign2":"","signd2":"","remark":"","sdate":"2021-09-03","_id":"8202109032000068"}
{"odr":5007,"belong":"分析化学研究室","idb":5,"name":"木下　友貴","tel":"3709","memo":"","alunch":"○","slunch":"○","kubun":"","dest":"","period":"","sign1":"","signd1":"","sign2":"","signd2":"","remark":"","sdate":"2021-09-03","_id":"8202109032000069"}
{"odr":6001,"belong":"成形加工研究室","idb":6,"name":"市川　健太郎","tel":"3304","memo":"","alunch":"○","slunch":"○","kubun":"","dest":"","period":"","sign1":"","signd1":"","sign2":"","signd2":"","remark":"","sdate":"2021-09-03","_id":"8202109032000070"}
{"odr":6002,"belong":"成形加工研究室","idb":6,"name":"奥山　美憲","tel":"3309","memo":"","alunch":"○","slunch":"○","kubun":"","dest":"","period":"","sign1":"","signd1":"","sign2":"","signd2":"","remark":"","sdate":"2021-09-03","_id":"8202109032000071"}
{"odr":6003,"belong":"成形加工研究室","idb":6,"name":"小林　具実","tel":"3080","memo":"","alunch":"×","slunch":"×","kubun":"","dest":"","period":"","sign1":"","signd1":"","sign2":"","signd2":"","remark":"","sdate":"2021-09-03","_id":"8202109032000072"}
{"odr":6004,"belong":"成形加工研究室","idb":6,"name":"山田　真司","tel":"3405","memo":"","alunch":"×","slunch":"×","kubun":"","dest":"","period":"","sign1":"","signd1":"","sign2":"","signd2":"","remark":"","sdate":"2021-09-03","_id":"8202109032000073"}
{"odr":6005,"belong":"成形加工研究室","idb":6,"name":"渡辺　和伸","tel":"3306","memo":"","alunch":"×","slunch":"×","kubun":"","dest":"","period":"","sign1":"","signd1":"","sign2":"","signd2":"","remark":"","sdate":"2021-09-03","_id":"8202109032000074"}
{"odr":6006,"belong":"成形加工研究室","idb":6,"name":"國廣　一郎","tel":"3307","memo":"","alunch":"×","slunch":"×","kubun":"","dest":"","period":"","sign1":"","signd1":"","sign2":"","signd2":"","remark":"","sdate":"2021-09-03","_id":"8202109032000075"}
{"odr":6007,"belong":"成形加工研究室","idb":6,"name":"藍原　武志","tel":"3310","memo":"","alunch":"×","slunch":"×","kubun":"","dest":"","period":"","sign1":"","signd1":"","sign2":"","signd2":"","remark":"","sdate":"2021-09-03","_id":"8202109032000076"}
{"odr":6008,"belong":"成形加工研究室","idb":6,"name":"末永　亮","tel":"3312","memo":"","alunch":"○","slunch":"○","kubun":"","dest":"","period":"","sign1":"","signd1":"","sign2":"","signd2":"","remark":"","sdate":"2021-09-03","_id":"8202109032000077"}
{"odr":6009,"belong":"成形加工研究室","idb":6,"name":"城石　亮蔵","tel":"3316","memo":"","alunch":"○","slunch":"○","kubun":"","dest":"","period":"","sign1":"","signd1":"","sign2":"","signd2":"","remark":"","sdate":"2021-09-03","_id":"8202109032000078"}
{"odr":6010,"belong":"成形加工研究室","idb":6,"name":"青谷　正毅","tel":"3318","memo":"","alunch":"○","slunch":"○","kubun":"","dest":"","period":"","sign1":"","signd1":"","sign2":"","signd2":"","remark":"","sdate":"2021-09-03","_id":"8202109032000079"}
{"odr":6011,"belong":"成形加工研究室","idb":6,"name":"瀬上　幸太","tel":"3323","memo":"","alunch":"○","slunch":"○","kubun":"","dest":"","period":"","sign1":"","signd1":"","sign2":"","signd2":"","remark":"","sdate":"2021-09-03","_id":"8202109032000080"}
{"odr":6012,"belong":"成形加工研究室","idb":6,"name":"東　利房","tel":"3324","memo":"","alunch":"○","slunch":"○","kubun":"","dest":"","period":"","sign1":"","signd1":"","sign2":"","signd2":"","remark":"","sdate":"2021-09-03","_id":"8202109032000081"}
{"odr":6013,"belong":"成形加工研究室","idb":6,"name":"國則　正弘","tel":"3311","memo":"","alunch":"×","slunch":"×","kubun":"","dest":"","period":"","sign1":"","signd1":"","sign2":"","signd2":"","remark":"","sdate":"2021-09-03","_id":"8202109032000082"}
{"odr":6014,"belong":"成形加工研究室","idb":6,"name":"松本　尚也","tel":"3327","memo":"","alunch":"○","slunch":"○","kubun":"","dest":"","period":"","sign1":"","signd1":"","sign2":"","signd2":"","remark":"","sdate":"2021-09-03","_id":"8202109032000083"}
{"odr":6015,"belong":"成形加工研究室","idb":6,"name":"飯野　裕喜","tel":"3114","memo":"","alunch":"×","slunch":"×","kubun":"","dest":"","period":"","sign1":"","signd1":"","sign2":"","signd2":"","remark":"","sdate":"2021-09-03","_id":"8202109032000084"}
{"odr":6016,"belong":"成形加工研究室","idb":6,"name":"木村　諭男","tel":"3302","memo":"","alunch":"○","slunch":"○","kubun":"","dest":"","period":"","sign1":"","signd1":"","sign2":"","signd2":"","remark":"","sdate":"2021-09-03","_id":"8202109032000085"}
{"odr":6017,"belong":"成形加工研究室","idb":6,"name":"丸山　友樹","tel":"3505","memo":"","alunch":"○","slunch":"○","kubun":"","dest":"","period":"","sign1":"","signd1":"","sign2":"","signd2":"","remark":"","sdate":"2021-09-03","_id":"8202109032000086"}
{"odr":6018,"belong":"成形加工研究室","idb":6,"name":"島村　真広","tel":"3321","memo":"育休<br>～2022年2月","alunch":"×","slunch":"×","kubun":"休暇","dest":"","period":"","sign1":"","signd1":"","sign2":"","signd2":"","remark":"","sdate":"2021-09-03","_id":"8202109032000087"}
{"odr":6019,"belong":"成形加工研究室","idb":6,"name":"熊谷　拓甫","tel":"3403","memo":"","alunch":"○","slunch":"○","kubun":"","dest":"","period":"","sign1":"","signd1":"","sign2":"","signd2":"","remark":"","sdate":"2021-09-03","_id":"8202109032000088"}
{"odr":6020,"belong":"成形加工研究室","idb":6,"name":"小川　智裕","tel":"3085","memo":"","alunch":"×","slunch":"×","kubun":"","dest":"","period":"","sign1":"","signd1":"","sign2":"","signd2":"","remark":"","sdate":"2021-09-03","_id":"8202109032000089"}
{"odr":6021,"belong":"成形加工研究室","idb":6,"name":"平松　健太","tel":"3062","memo":"","alunch":"×","slunch":"×","kubun":"","dest":"","period":"","sign1":"","signd1":"","sign2":"","signd2":"","remark":"","sdate":"2021-09-03","_id":"8202109032000090"}
{"odr":6022,"belong":"成形加工研究室","idb":6,"name":"篠﨑　瑞生","tel":"3601","memo":"","alunch":"○","slunch":"○","kubun":"","dest":"","period":"","sign1":"","signd1":"","sign2":"","signd2":"","remark":"","sdate":"2021-09-03","_id":"8202109032000091"}
{"odr":6023,"belong":"成形加工研究室","idb":6,"name":"曽我　龍熙","tel":"3315","memo":"","alunch":"×","slunch":"×","kubun":"","dest":"","period":"","sign1":"","signd1":"","sign2":"","signd2":"","remark":"","sdate":"2021-09-03","_id":"8202109032000092"}
{"odr":7001,"belong":"情報数理研究室","idb":7,"name":"清水　博長","tel":"3402","memo":"","alunch":"×","slunch":"×","kubun":"","dest":"","period":"","sign1":"","signd1":"","sign2":"","signd2":"","remark":"","sdate":"2021-09-03","_id":"8202109032000093"}
{"odr":7002,"belong":"情報数理研究室","idb":7,"name":"鷲崎　俊朗","tel":"3400","memo":"","alunch":"×","slunch":"×","kubun":"","dest":"","period":"","sign1":"","signd1":"","sign2":"","signd2":"","remark":"","sdate":"2021-09-03","_id":"8202109032000094"}
{"odr":7003,"belong":"情報数理研究室","idb":7,"name":"堀内　祥平","tel":"3408","memo":"","alunch":"×","slunch":"×","kubun":"","dest":"","period":"","sign1":"","signd1":"","sign2":"","signd2":"","remark":"","sdate":"2021-09-03","_id":"8202109032000095"}
{"odr":7004,"belong":"情報数理研究室","idb":7,"name":"野村　哲郎","tel":"3404","memo":"","alunch":"×","slunch":"×","kubun":"","dest":"","period":"","sign1":"","signd1":"","sign2":"","signd2":"","remark":"","sdate":"2021-09-03","_id":"8202109032000096"}
{"odr":7005,"belong":"情報数理研究室","idb":7,"name":"柏原　賢","tel":"3320","memo":"","alunch":"×","slunch":"×","kubun":"","dest":"","period":"","sign1":"","signd1":"","sign2":"","signd2":"","remark":"","sdate":"2021-09-03","_id":"8202109032000097"}
{"odr":7006,"belong":"情報数理研究室","idb":7,"name":"赤松　慎也","tel":"3406","memo":"","alunch":"○","slunch":"○","kubun":"","dest":"","period":"","sign1":"","signd1":"","sign2":"","signd2":"","remark":"","sdate":"2021-09-03","_id":"8202109032000098"}
{"odr":7007,"belong":"情報数理研究室","idb":7,"name":"田所　洋一","tel":"3411","memo":"","alunch":"○","slunch":"○","kubun":"","dest":"","period":"","sign1":"","signd1":"","sign2":"","signd2":"","remark":"","sdate":"2021-09-03","_id":"8202109032000099"}
{"odr":7008,"belong":"情報数理研究室","idb":7,"name":"黒田　純司","tel":"3716","memo":"","alunch":"○","slunch":"○","kubun":"","dest":"","period":"","sign1":"","signd1":"","sign2":"","signd2":"","remark":"","sdate":"2021-09-03","_id":"8202109032000100"}
{"odr":7009,"belong":"情報数理研究室","idb":7,"name":"中村　圭亨","tel":"3718","memo":"","alunch":"×","slunch":"×","kubun":"","dest":"","period":"","sign1":"","signd1":"","sign2":"","signd2":"","remark":"","sdate":"2021-09-03","_id":"8202109032000101"}
{"odr":7010,"belong":"情報数理研究室","idb":7,"name":"原　萌子","tel":"3094","memo":"","alunch":"○","slunch":"○","kubun":"","dest":"","period":"","sign1":"","signd1":"","sign2":"","signd2":"","remark":"","sdate":"2021-09-03","_id":"8202109032000102"}
{"odr":7011,"belong":"情報数理研究室","idb":7,"name":"張　捷","tel":"3407","memo":"","alunch":"×","slunch":"×","kubun":"","dest":"","period":"","sign1":"","signd1":"","sign2":"","signd2":"","remark":"","sdate":"2021-09-03","_id":"8202109032000103"}
{"odr":7012,"belong":"情報数理研究室","idb":7,"name":"猪爪　誠太","tel":"3107","memo":"","alunch":"×","slunch":"×","kubun":"","dest":"","period":"","sign1":"","signd1":"","sign2":"","signd2":"","remark":"","sdate":"2021-09-03","_id":"8202109032000104"}
{"odr":8001,"belong":"調査企画室","idb":8,"name":"吉田　充裕","tel":"3001","memo":"","alunch":"○","slunch":"○","kubun":"","dest":"","period":"","sign1":"","signd1":"","sign2":"","signd2":"","remark":"","sdate":"2021-09-03","_id":"8202109032000105"}
{"odr":8002,"belong":"調査企画室","idb":8,"name":"中島　和輝","tel":"3606","memo":"","alunch":"○","slunch":"○","kubun":"","dest":"","period":"","sign1":"","signd1":"","sign2":"","signd2":"","remark":"","sdate":"2021-09-03","_id":"8202109032000106"}
{"odr":8003,"belong":"調査企画室","idb":8,"name":"高橋　由紀子","tel":"3215","memo":"","alunch":"×","slunch":"×","kubun":"休暇","dest":"","period":"","sign1":"","signd1":"","sign2":"","signd2":"","remark":"","sdate":"2021-09-03","_id":"8202109032000107"}
{"odr":8004,"belong":"調査企画室","idb":8,"name":"村松　かんな","tel":"3705","memo":"","alunch":"×","slunch":"×","kubun":"","dest":"","period":"","sign1":"","signd1":"","sign2":"","signd2":"","remark":"","sdate":"2021-09-03","_id":"8202109032000108"}
{"odr":9001,"belong":"特許室","idb":9,"name":"大森　仁","tel":"3065","memo":"","alunch":"×","slunch":"×","kubun":"","dest":"","period":"","sign1":"","signd1":"","sign2":"","signd2":"","remark":"","sdate":"2021-09-03","_id":"8202109032000109"}
{"odr":9002,"belong":"特許室","idb":9,"name":"町井　昭彦","tel":"3060","memo":"","alunch":"○","slunch":"○","kubun":"","dest":"","period":"","sign1":"","signd1":"","sign2":"","signd2":"","remark":"","sdate":"2021-09-03","_id":"8202109032000110"}
{"odr":9003,"belong":"特許室","idb":9,"name":"柏渕　リエ","tel":"3040","memo":"","alunch":"×","slunch":"×","kubun":"","dest":"","period":"","sign1":"","signd1":"","sign2":"","signd2":"","remark":"","sdate":"2021-09-03","_id":"8202109032000111"}
{"odr":9004,"belong":"特許室","idb":9,"name":"太田　芳弘","tel":"3207","memo":"","alunch":"×","slunch":"×","kubun":"","dest":"","period":"","sign1":"","signd1":"","sign2":"","signd2":"","remark":"","sdate":"2021-09-03","_id":"8202109032000112"}
{"odr":9005,"belong":"特許室","idb":9,"name":"渡部　光","tel":"3721","memo":"","alunch":"×","slunch":"×","kubun":"","dest":"","period":"","sign1":"","signd1":"","sign2":"","signd2":"","remark":"","sdate":"2021-09-03","_id":"8202109032000113"}
{"odr":9006,"belong":"特許室","idb":9,"name":"青柳　水希","tel":"3100","memo":"","alunch":"×","slunch":"×","kubun":"","dest":"","period":"","sign1":"","signd1":"","sign2":"","signd2":"","remark":"","sdate":"2021-09-03","_id":"8202109032000114"}
{"odr":10001,"belong":"事務室","idb":10,"name":"甲斐　正次郎","tel":"3611","memo":"","alunch":"○","slunch":"○","kubun":"","dest":"","period":"","sign1":"","signd1":"","sign2":"","signd2":"","remark":"","sdate":"2021-09-03","_id":"8202109032000115"}
{"odr":10002,"belong":"事務室","idb":10,"name":"由井　義明","tel":"3319","memo":"","alunch":"×","slunch":"×","kubun":"","dest":"","period":"","sign1":"","signd1":"","sign2":"","signd2":"","remark":"","sdate":"2021-09-03","_id":"8202109032000116"}
{"odr":10003,"belong":"事務室","idb":10,"name":"酒井　友弘","tel":"3098","memo":"","alunch":"○","slunch":"○","kubun":"","dest":"","period":"","sign1":"","signd1":"","sign2":"","signd2":"","remark":"","sdate":"2021-09-03","_id":"8202109032000117"}
{"odr":10004,"belong":"事務室","idb":10,"name":"小磯　宣久","tel":"3099","memo":"","alunch":"○","slunch":"○","kubun":"","dest":"","period":"","sign1":"","signd1":"","sign2":"","signd2":"","remark":"","sdate":"2021-09-03","_id":"8202109032000118"}
{"odr":10005,"belong":"事務室","idb":10,"name":"大島　美佳","tel":"3061","memo":"","alunch":"×","slunch":"×","kubun":"","dest":"","period":"","sign1":"","signd1":"","sign2":"","signd2":"","remark":"","sdate":"2021-09-03","_id":"8202109032000119"}
{"odr":10006,"belong":"事務室","idb":10,"name":"多田　哲朗","tel":"3063","memo":"","alunch":"○","slunch":"○","kubun":"","dest":"","period":"","sign1":"","signd1":"","sign2":"","signd2":"","remark":"","sdate":"2021-09-03","_id":"8202109032000120"}
{"odr":10007,"belong":"事務室","idb":10,"name":"木瀧　美奈子","tel":"3036","memo":"","alunch":"×","slunch":"×","kubun":"","dest":"","period":"","sign1":"","signd1":"","sign2":"","signd2":"","remark":"","sdate":"2021-09-03","_id":"8202109032000121"}
{"odr":10008,"belong":"事務室","idb":10,"name":"江頭　　睦雄","tel":"3102","memo":"","alunch":"○","slunch":"○","kubun":"","dest":"","period":"","sign1":"","signd1":"","sign2":"","signd2":"","remark":"","sdate":"2021-09-03","_id":"8202109032000122"}
{"odr":10009,"belong":"","idb":11,"name":"","tel":"","memo":"","alunch":"","slunch":"","kubun":"","dest":"","period":"","sign1":"","signd1":"","sign2":"","signd2":"","remark":"","sdate":"2021-09-03","_id":"8202109032000123"}
