{"_id":"5xssNXpXdjPgesEh","idb":8,"name":"調査企画室"}
{"_id":"6DAAbPprPXyCNV6P","idb":7,"name":"情報数理研究室"}
{"_id":"7TOj3HNAMQ4VBC0u","idb":2,"name":"機能材料研究室"}
{"_id":"Gi3Jdp6kGPUzurtt","idb":4,"name":"生物化学研究室"}
{"_id":"HWhGFXNehGYhNcgK","idb":1,"name":"所長・部長"}
{"_id":"Sb2dIeWsV7h2GPT3","idb":11,"name":"その他"}
{"_id":"dX8zsCl7g33ZJECl","idb":5,"name":"分析化学研究室"}
{"_id":"nSB9H0Ji7jvbHbRj","idb":6,"name":"成形加工研究室"}
{"_id":"qbhkLHf2LtFTVNAA","idb":3,"name":"包装材料研究室"}
{"_id":"rvOEuB4fAzTHCr8B","idb":10,"name":"事務室"}
{"_id":"uth1RaiLiSn43FFq","idb":9,"name":"特許室"}
