{"id":5,"blow_machine":4,"name":"渡邊","summary":"ブロー５","PFgeom":1,"PFnum":500,"start_date":"2021-01-01","end_date":"2021-01-05","plamold":false,"plantPF":"Y","color":"#0f0f00","created_at":"Thu Jan 28 2021 05:18:25 GMT+0900 (日本標準時)","iserr":0,"_id":"2QCyOVMuw6fOSIwH"}
{"id":1,"blow_machine":1,"name":"鈴木","summary":"ブロー１","PFgeom":1,"PFnum":100,"start_date":"2021-01-01","end_date":"2021-01-05","plamold":false,"plantPF":"Y","color":"#ffff00","created_at":"Thu Jan 28 2021 05:18:08 GMT+0900 (日本標準時)","iserr":0,"_id":"3LoYIESRtXwZcM8y"}
{"id":3,"blow_machine":3,"name":"山田","summary":"ブロー３","PFgeom":2,"PFnum":500,"start_date":"2021-01-01","end_date":"2021-01-05","plamold":false,"plantPF":"Y","color":"#00ff00","created_at":"Thu Jan 28 2021 05:19:03 GMT+0900 (日本標準時)","iserr":0,"_id":"5Bfg6BFYUg0abqhB"}
{"id":2,"blow_machine":1,"name":"佐藤","summary":"ブロー２","PFgeom":1,"PFnum":200,"start_date":"2021-01-20","end_date":"2021-01-29","plamold":false,"plantPF":"Y","color":"#ff0000","created_at":"Thu Jan 28 2021 05:18:53 GMT+0900 (日本標準時)","iserr":0,"_id":"5TXu8sHqJL5wXIl8"}
{"id":4,"blow_machine":4,"name":"高橋","summary":"ブロー４","PFgeom":1,"PFnum":500,"start_date":"2021-01-01","end_date":"2021-01-05","plamold":false,"plantPF":"Y","color":"#fffff0","created_at":"Thu Jan 28 2021 05:18:53 GMT+0900 (日本標準時)","iserr":0,"_id":"8o6UmmEPfknj5aCQ"}
{"id":6,"blow_machine":4,"name":"菅","summary":"ブロー６","PFgeom":1,"PFnum":500,"start_date":"2021-01-06","end_date":"2021-01-10","plamold":false,"plantPF":"Y","color":"#ffff00","created_at":"Thu Jan 28 2021 05:18:08 GMT+0900 (日本標準時)","iserr":0,"_id":"9UaHfNCGL1KvRdTS"}
{"id":9,"blow_machine":6,"name":"齋藤","summary":"KGO","PFgeom":0,"PFnum":0,"start_date":"2021-01-26","end_date":"2021-01-29","plamold":false,"plantPF":"","color":"#f999bb","iserr":0,"created_at":"Tue Jan 26 2021 05:18:47 GMT+0900 (日本標準時)","_id":"AWN7fA0zmtrTvcKV"}
{"id":7,"blow_machine":5,"name":"田所","summary":"二色","PFgeom":0,"PFnum":0,"start_date":"2021-01-26","end_date":"2021-01-29","plamold":false,"plantPF":"","color":"#bfbd82","iserr":0,"created_at":"Tue Jan 26 2021 05:15:10 GMT+0900 (日本標準時)","_id":"AnhwoS4VLeAKYJn2"}
{"id":11,"blow_machine":1,"name":"tetete","summary":"tetete","PFgeom":"","PFnum":0,"start_date":"2021-04-20","end_date":"2021-04-21","plamold":true,"plantPF":"","color":"#a5b1a5","iserr":0,"created_at":"Sun Apr 11 2021 05:20:14 GMT+0900 (日本標準時)","_id":"DppgrbA8u2I7QkPi"}
{"id":10,"blow_machine":1,"name":"wawa","summary":"wawawa","PFgeom":0,"PFnum":0,"start_date":"2021-04-09","end_date":"2021-04-13","plamold":true,"plantPF":"","color":"#e8afa2","iserr":0,"created_at":"Fri Apr 09 2021 05:51:24 GMT+0900 (日本標準時)","_id":"soJpFcNOfDiDhhew"}
