{"idm":1,"fullname":"1GT2号機","dispname":"2号","odr":1,"jusigata":true,"_id":"NuNfOtBDv8n1qsDm"}
{"idm":3,"fullname":"1GT4号機","dispname":"4号","odr":3,"jusigata":true,"_id":"dcnr3XjcjrkYTMoB"}
{"idm":5,"fullname":"TSD-1L","dispname":"TSD","odr":5,"jusigata":false,"_id":"lNI1jIdSZ0obNQuT"}
{"idm":2,"fullname":"1GT3号機","dispname":"3号","odr":2,"jusigata":false,"_id":"pYkUhMXVxtSo9R5V"}
{"idm":4,"fullname":"PEM","dispname":"PEM","odr":4,"jusigata":false,"_id":"pe3BN3Z9OlWMN7Is"}
{"idm":6,"fullname":"Sidel Matrix","dispname":"Sidel","odr":6,"jusigata":false,"_id":"tLElow1w0a7ygsof"}
