{"odr":1001,"belong":"所長","idb":1,"name":"佐藤　一弘","ide":0,"tel":"3082","memo":"","alunch":"","slunch":"×","kubun":"","dest":"","period":"","sign1":"","signd1":"","sign2":"","signd2":"","remark":"","_id":"8202109060000000"}
{"odr":1002,"belong":"プロセス研究部長<br>兼研究推進部長","idb":1,"name":"高尾　健一","ide":1,"tel":"3300","memo":"","alunch":"","slunch":"○","kubun":"","dest":"","period":"","sign1":"","signd1":"","sign2":"","signd2":"","remark":"","_id":"8202109060000001"}
{"odr":1003,"belong":"マテリアル研究部長","idb":1,"name":"石崎　庸一","ide":2,"tel":"3070","memo":"","alunch":"","slunch":"○","kubun":"","dest":"","period":"","sign1":"","signd1":"","sign2":"","signd2":"","remark":"","_id":"8202109060000002"}
{"odr":2001,"belong":"機能材料研究室","idb":2,"name":"大橋　和彰","ide":3,"tel":"3103","memo":"","alunch":"","slunch":"○","kubun":"","dest":"","period":"","sign1":"","signd1":"","sign2":"","signd2":"","remark":"","_id":"8202109060000003"}
{"odr":2002,"belong":"機能材料研究室","idb":2,"name":"苅部　林也","ide":4,"tel":"3095","memo":"","alunch":"","slunch":"×","kubun":"","dest":"","period":"","sign1":"","signd1":"","sign2":"","signd2":"","remark":"","_id":"8202109060000004"}
{"odr":2003,"belong":"機能材料研究室","idb":2,"name":"鈴木　太郎","ide":5,"tel":"3412","memo":"","alunch":"","slunch":"○","kubun":"","dest":"","period":"","sign1":"","signd1":"","sign2":"","signd2":"","remark":"","_id":"8202109060000005"}
{"odr":2004,"belong":"機能材料研究室","idb":2,"name":"小沢　和美","ide":6,"tel":"3113","memo":"","alunch":"","slunch":"×","kubun":"","dest":"","period":"","sign1":"","signd1":"","sign2":"","signd2":"","remark":"","_id":"8202109060000006"}
{"odr":2005,"belong":"機能材料研究室","idb":2,"name":"小坂　泰啓","ide":7,"tel":"3105","memo":"","alunch":"","slunch":"○","kubun":"","dest":"","period":"","sign1":"","signd1":"","sign2":"","signd2":"","remark":"","_id":"8202109060000007"}
{"odr":2006,"belong":"機能材料研究室","idb":2,"name":"田中　郷史","ide":8,"tel":"3209","memo":"","alunch":"","slunch":"○","kubun":"","dest":"","period":"","sign1":"","signd1":"","sign2":"","signd2":"","remark":"","_id":"8202109060000008"}
{"odr":2007,"belong":"機能材料研究室","idb":2,"name":"緒方　章子","ide":9,"tel":"3112","memo":"","alunch":"","slunch":"×","kubun":"","dest":"","period":"","sign1":"","signd1":"","sign2":"","signd2":"","remark":"","_id":"8202109060000009"}
{"odr":2008,"belong":"機能材料研究室","idb":2,"name":"戸谷　貴彦","ide":10,"tel":"3217","memo":"","alunch":"","slunch":"○","kubun":"","dest":"","period":"","sign1":"","signd1":"","sign2":"","signd2":"","remark":"","_id":"8202109060000010"}
{"odr":2009,"belong":"機能材料研究室","idb":2,"name":"南郷　瞬也","ide":11,"tel":"3317","memo":"","alunch":"","slunch":"○","kubun":"","dest":"","period":"","sign1":"","signd1":"","sign2":"","signd2":"","remark":"","_id":"8202109060000011"}
{"odr":2010,"belong":"機能材料研究室","idb":2,"name":"柏倉　拓也","ide":12,"tel":"3110","memo":"","alunch":"","slunch":"○","kubun":"","dest":"","period":"","sign1":"","signd1":"","sign2":"","signd2":"","remark":"","_id":"8202109060000012"}
{"odr":2011,"belong":"機能材料研究室","idb":2,"name":"奥山　真平","ide":13,"tel":"3202","memo":"","alunch":"","slunch":"×","kubun":"","dest":"","period":"","sign1":"","signd1":"","sign2":"","signd2":"","remark":"","_id":"8202109060000013"}
{"odr":2012,"belong":"機能材料研究室","idb":2,"name":"三溝　真梨子","ide":14,"tel":"3097111","memo":"","alunch":"","slunch":"×","kubun":"","dest":"","period":"","sign1":"","signd1":"","sign2":"","signd2":"","remark":"","_id":"8202109060000014"}
{"odr":2013,"belong":"機能材料研究室","idb":2,"name":"小関　修","ide":15,"tel":"3206","memo":"","alunch":"","slunch":"×","kubun":"","dest":"","period":"","sign1":"","signd1":"","sign2":"","signd2":"","remark":"","_id":"8202109060000015"}
{"odr":2014,"belong":"機能材料研究室","idb":2,"name":"櫻木　新","ide":16,"tel":"3700","memo":"","alunch":"","slunch":"○","kubun":"","dest":"","period":"","sign1":"","signd1":"","sign2":"","signd2":"","remark":"","_id":"8202109060000016"}
{"odr":2015,"belong":"機能材料研究室","idb":2,"name":"八木澤　美理","ide":17,"tel":"3706","memo":"","alunch":"","slunch":"×","kubun":"","dest":"","period":"","sign1":"","signd1":"","sign2":"","signd2":"","remark":"","_id":"8202109060000017"}
{"odr":2016,"belong":"機能材料研究室","idb":2,"name":"高山　圭将","ide":18,"tel":"3712","memo":"","alunch":"","slunch":"○","kubun":"","dest":"","period":"","sign1":"","signd1":"","sign2":"","signd2":"","remark":"","_id":"8202109060000018"}
{"odr":2017,"belong":"機能材料研究室","idb":2,"name":"生田目　大輔","ide":19,"tel":"3715","memo":"","alunch":"","slunch":"○","kubun":"","dest":"","period":"","sign1":"","signd1":"","sign2":"","signd2":"","remark":"","_id":"8202109060000019"}
{"odr":2018,"belong":"機能材料研究室","idb":2,"name":"西山　喬晴","ide":20,"tel":"3088","memo":"","alunch":"","slunch":"×","kubun":"","dest":"","period":"","sign1":"","signd1":"","sign2":"","signd2":"","remark":"","_id":"8202109060000020"}
{"odr":2019,"belong":"機能材料研究室","idb":2,"name":"山本　宏美","ide":21,"tel":"3089","memo":"","alunch":"","slunch":"○","kubun":"","dest":"","period":"","sign1":"","signd1":"","sign2":"","signd2":"","remark":"","_id":"8202109060000021"}
{"odr":2020,"belong":"機能材料研究室","idb":2,"name":"簾　聡太郎","ide":22,"tel":"3610","memo":"","alunch":"","slunch":"○","kubun":"","dest":"","period":"","sign1":"","signd1":"","sign2":"","signd2":"","remark":"","_id":"8202109060000022"}
{"odr":2021,"belong":"機能材料研究室","idb":2,"name":"池田　航歩","ide":23,"tel":"3106","memo":"","alunch":"","slunch":"○","kubun":"","dest":"","period":"","sign1":"","signd1":"","sign2":"","signd2":"","remark":"","_id":"8202109060000023"}
{"odr":3001,"belong":"包装材料研究室","idb":3,"name":"阿久津　洋介","ide":24,"tel":"3200","memo":"","alunch":"","slunch":"○","kubun":"","dest":"","period":"","sign1":"","signd1":"","sign2":"","signd2":"","remark":"","_id":"8202109060000024"}
{"odr":3002,"belong":"包装材料研究室","idb":3,"name":"山田　俊樹","ide":25,"tel":"3204","memo":"","alunch":"","slunch":"○","kubun":"","dest":"","period":"","sign1":"","signd1":"","sign2":"","signd2":"","remark":"","_id":"8202109060000025"}
{"odr":3003,"belong":"包装材料研究室","idb":3,"name":"湯淺　義之","ide":26,"tel":"3409","memo":"","alunch":"","slunch":"○","kubun":"","dest":"","period":"","sign1":"","signd1":"","sign2":"","signd2":"","remark":"","_id":"8202109060000026"}
{"odr":3004,"belong":"包装材料研究室","idb":3,"name":"川眞田　大輔","ide":27,"tel":"3212","memo":"","alunch":"","slunch":"○","kubun":"","dest":"","period":"","sign1":"","signd1":"","sign2":"","signd2":"","remark":"","_id":"8202109060000027"}
{"odr":3005,"belong":"包装材料研究室","idb":3,"name":"宮井　智弘","ide":28,"tel":"3308","memo":"","alunch":"","slunch":"×","kubun":"","dest":"","period":"","sign1":"","signd1":"","sign2":"","signd2":"","remark":"","_id":"8202109060000028"}
{"odr":3006,"belong":"包装材料研究室","idb":3,"name":"阿久沢　典男","ide":29,"tel":"3210","memo":"","alunch":"","slunch":"×","kubun":"","dest":"","period":"","sign1":"","signd1":"","sign2":"","signd2":"","remark":"","_id":"8202109060000029"}
{"odr":3007,"belong":"包装材料研究室","idb":3,"name":"田代　裕樹","ide":30,"tel":"3216","memo":"","alunch":"","slunch":"○","kubun":"","dest":"","period":"","sign1":"","signd1":"","sign2":"","signd2":"","remark":"","_id":"8202109060000030"}
{"odr":3008,"belong":"包装材料研究室","idb":3,"name":"長濵　英昭","ide":31,"tel":"3211","memo":"","alunch":"","slunch":"○","kubun":"","dest":"","period":"","sign1":"","signd1":"","sign2":"","signd2":"","remark":"","_id":"8202109060000031"}
{"odr":3009,"belong":"包装材料研究室","idb":3,"name":"澤　芳樹","ide":32,"tel":"3091","memo":"","alunch":"","slunch":"○","kubun":"","dest":"","period":"","sign1":"","signd1":"","sign2":"","signd2":"","remark":"","_id":"8202109060000032"}
{"odr":3010,"belong":"包装材料研究室","idb":3,"name":"岩本　晋也","ide":33,"tel":"3111","memo":"","alunch":"","slunch":"○","kubun":"","dest":"","period":"","sign1":"","signd1":"","sign2":"","signd2":"","remark":"","_id":"8202109060000033"}
{"odr":3011,"belong":"包装材料研究室","idb":3,"name":"井口　梓","ide":34,"tel":"3101","memo":"","alunch":"","slunch":"×","kubun":"","dest":"","period":"","sign1":"","signd1":"","sign2":"","signd2":"","remark":"","_id":"8202109060000034"}
{"odr":3012,"belong":"包装材料研究室","idb":3,"name":"小林　祐介","ide":35,"tel":"3503","memo":"","alunch":"","slunch":"○","kubun":"","dest":"","period":"","sign1":"","signd1":"","sign2":"","signd2":"","remark":"","_id":"8202109060000035"}
{"odr":3013,"belong":"包装材料研究室","idb":3,"name":"田口　智啓","ide":36,"tel":"3203","memo":"","alunch":"","slunch":"○","kubun":"","dest":"","period":"","sign1":"","signd1":"","sign2":"","signd2":"","remark":"","_id":"8202109060000036"}
{"odr":3014,"belong":"包装材料研究室","idb":3,"name":"村上　卓生","ide":37,"tel":"3703","memo":"","alunch":"","slunch":"○","kubun":"","dest":"","period":"","sign1":"","signd1":"","sign2":"","signd2":"","remark":"","_id":"8202109060000037"}
{"odr":3015,"belong":"包装材料研究室","idb":3,"name":"駒形　大樹","ide":38,"tel":"3711","memo":"","alunch":"","slunch":"○","kubun":"","dest":"","period":"","sign1":"","signd1":"","sign2":"","signd2":"","remark":"","_id":"8202109060000038"}
{"odr":3016,"belong":"包装材料研究室","idb":3,"name":"鶴田　一弘","ide":39,"tel":"3713","memo":"","alunch":"","slunch":"×","kubun":"","dest":"","period":"","sign1":"","signd1":"","sign2":"","signd2":"","remark":"","_id":"8202109060000039"}
{"odr":3017,"belong":"包装材料研究室","idb":3,"name":"柴田　幸樹","ide":40,"tel":"3717","memo":"","alunch":"","slunch":"○","kubun":"","dest":"","period":"","sign1":"","signd1":"","sign2":"","signd2":"","remark":"","_id":"8202109060000040"}
{"odr":3018,"belong":"包装材料研究室","idb":3,"name":"杉岡　沙耶","ide":41,"tel":"3714","memo":"","alunch":"","slunch":"○","kubun":"","dest":"","period":"","sign1":"","signd1":"","sign2":"","signd2":"","remark":"","_id":"8202109060000041"}
{"odr":3019,"belong":"包装材料研究室","idb":3,"name":"赤羽根　敬弘","ide":42,"tel":"3083","memo":"","alunch":"","slunch":"×","kubun":"","dest":"","period":"","sign1":"","signd1":"","sign2":"","signd2":"","remark":"","_id":"8202109060000042"}
{"odr":3020,"belong":"包装材料研究室","idb":3,"name":"市川　健司","ide":43,"tel":"3084","memo":"","alunch":"","slunch":"×","kubun":"","dest":"","period":"","sign1":"","signd1":"","sign2":"","signd2":"","remark":"","_id":"8202109060000043"}
{"odr":3021,"belong":"包装材料研究室","idb":3,"name":"土屋　大地","ide":44,"tel":"3087","memo":"","alunch":"","slunch":"×","kubun":"","dest":"","period":"","sign1":"","signd1":"","sign2":"","signd2":"","remark":"","_id":"8202109060000044"}
{"odr":3022,"belong":"包装材料研究室","idb":3,"name":"伊藤　碧","ide":45,"tel":"3092","memo":"","alunch":"","slunch":"×","kubun":"","dest":"","period":"","sign1":"","signd1":"","sign2":"","signd2":"","remark":"","_id":"8202109060000045"}
{"odr":3023,"belong":"包装材料研究室","idb":3,"name":"江幡　篤","ide":46,"tel":"3090","memo":"","alunch":"","slunch":"×","kubun":"","dest":"","period":"","sign1":"","signd1":"","sign2":"","signd2":"","remark":"","_id":"8202109060000046"}
{"odr":3024,"belong":"包装材料研究室","idb":3,"name":"島野　佳織","ide":47,"tel":"3093","memo":"","alunch":"","slunch":"×","kubun":"","dest":"","period":"","sign1":"","signd1":"","sign2":"","signd2":"","remark":"","_id":"8202109060000047"}
{"odr":3025,"belong":"包装材料研究室","idb":3,"name":"福嶋　萩人","ide":48,"tel":"3066","memo":"","alunch":"","slunch":"○","kubun":"","dest":"","period":"","sign1":"","signd1":"","sign2":"","signd2":"","remark":"","_id":"8202109060000048"}
{"odr":3026,"belong":"包装材料研究室","idb":3,"name":"前田　慎一郎","ide":49,"tel":"3071","memo":"","alunch":"","slunch":"○","kubun":"","dest":"","period":"","sign1":"","signd1":"","sign2":"","signd2":"","remark":"","_id":"8202109060000049"}
{"odr":3027,"belong":"包装材料研究室","idb":3,"name":"間嶋　健矢","ide":50,"tel":"3081","memo":"","alunch":"","slunch":"×","kubun":"","dest":"","period":"","sign1":"","signd1":"","sign2":"","signd2":"","remark":"","_id":"8202109060000050"}
{"odr":3028,"belong":"包装材料研究室","idb":3,"name":"三木　祥平","ide":51,"tel":"3607","memo":"","alunch":"","slunch":"×","kubun":"","dest":"","period":"","sign1":"","signd1":"","sign2":"","signd2":"","remark":"","_id":"8202109060000051"}
{"odr":3029,"belong":"包装材料研究室","idb":3,"name":"小林　楓","ide":52,"tel":"3109","memo":"","alunch":"","slunch":"○","kubun":"","dest":"","period":"","sign1":"","signd1":"","sign2":"","signd2":"","remark":"","_id":"8202109060000052"}
{"odr":3030,"belong":"包装材料研究室","idb":3,"name":"野口　誠一郎","ide":53,"tel":"3325","memo":"","alunch":"","slunch":"×","kubun":"","dest":"","period":"","sign1":"","signd1":"","sign2":"","signd2":"","remark":"","_id":"8202109060000053"}
{"odr":3031,"belong":"包装材料研究室","idb":3,"name":"室江　拓哉","ide":54,"tel":"3504","memo":"","alunch":"","slunch":"×","kubun":"","dest":"","period":"","sign1":"","signd1":"","sign2":"","signd2":"","remark":"","_id":"8202109060000054"}
{"odr":3032,"belong":"包装材料研究室","idb":3,"name":"門脇　菜穂","ide":55,"tel":"3313","memo":"","alunch":"","slunch":"○","kubun":"","dest":"","period":"","sign1":"","signd1":"","sign2":"","signd2":"","remark":"","_id":"8202109060000055"}
{"odr":3033,"belong":"包装材料研究室","idb":3,"name":"古橋　越也","ide":56,"tel":"3326","memo":"","alunch":"","slunch":"○","kubun":"","dest":"","period":"","sign1":"","signd1":"","sign2":"","signd2":"","remark":"","_id":"8202109060000056"}
{"odr":4001,"belong":"生物化学研究室","idb":4,"name":"一色　淳憲","ide":57,"tel":"3602","memo":"","alunch":"","slunch":"×","kubun":"","dest":"","period":"","sign1":"","signd1":"","sign2":"","signd2":"","remark":"","_id":"8202109060000057"}
{"odr":4002,"belong":"生物化学研究室","idb":4,"name":"大津　貴義","ide":58,"tel":"3603","memo":"","alunch":"","slunch":"○","kubun":"","dest":"","period":"","sign1":"","signd1":"","sign2":"","signd2":"","remark":"","_id":"8202109060000058"}
{"odr":4003,"belong":"生物化学研究室","idb":4,"name":"片山　傳喜","ide":59,"tel":"3608","memo":"","alunch":"","slunch":"×","kubun":"","dest":"","period":"","sign1":"","signd1":"","sign2":"","signd2":"","remark":"","_id":"8202109060000059"}
{"odr":4004,"belong":"生物化学研究室","idb":4,"name":"山崎　隆明","ide":60,"tel":"3086","memo":"","alunch":"","slunch":"○","kubun":"","dest":"","period":"","sign1":"","signd1":"","sign2":"","signd2":"","remark":"","_id":"8202109060000060"}
{"odr":4005,"belong":"生物化学研究室","idb":4,"name":"道志　弘輝","ide":61,"tel":"3701","memo":"","alunch":"","slunch":"○","kubun":"","dest":"","period":"","sign1":"","signd1":"","sign2":"","signd2":"","remark":"","_id":"8202109060000061"}
{"odr":4006,"belong":"生物化学研究室","idb":4,"name":"寿命　伸哉","ide":62,"tel":"3710","memo":"","alunch":"","slunch":"×","kubun":"","dest":"","period":"","sign1":"","signd1":"","sign2":"","signd2":"","remark":"","_id":"8202109060000062"}
{"odr":5001,"belong":"分析化学研究室","idb":5,"name":"平川　叙夫","ide":63,"tel":"3501","memo":"","alunch":"","slunch":"○","kubun":"","dest":"","period":"","sign1":"","signd1":"","sign2":"","signd2":"","remark":"","_id":"8202109060000063"}
{"odr":5002,"belong":"分析化学研究室","idb":5,"name":"細野　寛子","ide":64,"tel":"3500","memo":"","alunch":"","slunch":"○","kubun":"","dest":"","period":"","sign1":"","signd1":"","sign2":"","signd2":"","remark":"","_id":"8202109060000064"}
{"odr":5003,"belong":"分析化学研究室","idb":5,"name":"谷川　弥和子","ide":65,"tel":"3502","memo":"","alunch":"","slunch":"×","kubun":"","dest":"","period":"","sign1":"","signd1":"","sign2":"","signd2":"","remark":"","_id":"8202109060000065"}
{"odr":5004,"belong":"分析化学研究室","idb":5,"name":"笠井　杏","ide":66,"tel":"3108","memo":"","alunch":"","slunch":"○","kubun":"","dest":"","period":"","sign1":"","signd1":"","sign2":"","signd2":"","remark":"","_id":"8202109060000066"}
{"odr":5005,"belong":"分析化学研究室","idb":5,"name":"大塚　貴子","ide":67,"tel":"3702","memo":"","alunch":"","slunch":"○","kubun":"","dest":"","period":"","sign1":"","signd1":"","sign2":"","signd2":"","remark":"","_id":"8202109060000067"}
{"odr":5006,"belong":"分析化学研究室","idb":5,"name":"張　楠","ide":68,"tel":"3205","memo":"","alunch":"","slunch":"○","kubun":"","dest":"","period":"","sign1":"","signd1":"","sign2":"","signd2":"","remark":"","_id":"8202109060000068"}
{"odr":5007,"belong":"分析化学研究室","idb":5,"name":"木下　友貴","ide":69,"tel":"3709","memo":"","alunch":"","slunch":"○","kubun":"","dest":"","period":"","sign1":"","signd1":"","sign2":"","signd2":"","remark":"","_id":"8202109060000069"}
{"odr":6001,"belong":"成形加工研究室","idb":6,"name":"市川　健太郎","ide":70,"tel":"3304","memo":"","alunch":"","slunch":"○","kubun":"","dest":"","period":"","sign1":"","signd1":"","sign2":"","signd2":"","remark":"","_id":"8202109060000070"}
{"odr":6002,"belong":"成形加工研究室","idb":6,"name":"奥山　美憲","ide":71,"tel":"3309","memo":"","alunch":"","slunch":"○","kubun":"","dest":"","period":"","sign1":"","signd1":"","sign2":"","signd2":"","remark":"","_id":"8202109060000071"}
{"odr":6003,"belong":"成形加工研究室","idb":6,"name":"小林　具実","ide":72,"tel":"3080","memo":"","alunch":"","slunch":"×","kubun":"","dest":"","period":"","sign1":"","signd1":"","sign2":"","signd2":"","remark":"","_id":"8202109060000072"}
{"odr":6004,"belong":"成形加工研究室","idb":6,"name":"山田　真司","ide":73,"tel":"3405","memo":"","alunch":"","slunch":"×","kubun":"","dest":"","period":"","sign1":"","signd1":"","sign2":"","signd2":"","remark":"","_id":"8202109060000073"}
{"odr":6005,"belong":"成形加工研究室","idb":6,"name":"渡辺　和伸","ide":74,"tel":"3306","memo":"","alunch":"","slunch":"×","kubun":"","dest":"","period":"","sign1":"","signd1":"","sign2":"","signd2":"","remark":"","_id":"8202109060000074"}
{"odr":6006,"belong":"成形加工研究室","idb":6,"name":"國廣　一郎","ide":75,"tel":"3307","memo":"","alunch":"","slunch":"×","kubun":"","dest":"","period":"","sign1":"","signd1":"","sign2":"","signd2":"","remark":"","_id":"8202109060000075"}
{"odr":6007,"belong":"成形加工研究室","idb":6,"name":"藍原　武志","ide":76,"tel":"3310","memo":"","alunch":"","slunch":"×","kubun":"","dest":"","period":"","sign1":"","signd1":"","sign2":"","signd2":"","remark":"","_id":"8202109060000076"}
{"odr":6008,"belong":"成形加工研究室","idb":6,"name":"末永　亮","ide":77,"tel":"3312","memo":"","alunch":"","slunch":"○","kubun":"","dest":"","period":"","sign1":"","signd1":"","sign2":"","signd2":"","remark":"","_id":"8202109060000077"}
{"odr":6009,"belong":"成形加工研究室","idb":6,"name":"城石　亮蔵","ide":78,"tel":"3316","memo":"","alunch":"","slunch":"○","kubun":"","dest":"","period":"","sign1":"","signd1":"","sign2":"","signd2":"","remark":"","_id":"8202109060000078"}
{"odr":6010,"belong":"成形加工研究室","idb":6,"name":"青谷　正毅","ide":79,"tel":"3318","memo":"","alunch":"","slunch":"○","kubun":"","dest":"","period":"","sign1":"","signd1":"","sign2":"","signd2":"","remark":"","_id":"8202109060000079"}
{"odr":6011,"belong":"成形加工研究室","idb":6,"name":"瀬上　幸太","ide":80,"tel":"3323","memo":"","alunch":"","slunch":"○","kubun":"","dest":"","period":"","sign1":"","signd1":"","sign2":"","signd2":"","remark":"","_id":"8202109060000080"}
{"odr":6012,"belong":"成形加工研究室","idb":6,"name":"東　利房","ide":81,"tel":"3324","memo":"","alunch":"","slunch":"○","kubun":"","dest":"","period":"","sign1":"","signd1":"","sign2":"","signd2":"","remark":"","_id":"8202109060000081"}
{"odr":6013,"belong":"成形加工研究室","idb":6,"name":"國則　正弘","ide":82,"tel":"3311","memo":"","alunch":"","slunch":"×","kubun":"","dest":"","period":"","sign1":"","signd1":"","sign2":"","signd2":"","remark":"","_id":"8202109060000082"}
{"odr":6014,"belong":"成形加工研究室","idb":6,"name":"松本　尚也","ide":83,"tel":"3327","memo":"","alunch":"","slunch":"○","kubun":"","dest":"","period":"","sign1":"","signd1":"","sign2":"","signd2":"","remark":"","_id":"8202109060000083"}
{"odr":6015,"belong":"成形加工研究室","idb":6,"name":"飯野　裕喜","ide":84,"tel":"3114","memo":"","alunch":"","slunch":"×","kubun":"","dest":"","period":"","sign1":"","signd1":"","sign2":"","signd2":"","remark":"","_id":"8202109060000084"}
{"odr":6016,"belong":"成形加工研究室","idb":6,"name":"木村　諭男","ide":85,"tel":"3302","memo":"","alunch":"","slunch":"○","kubun":"","dest":"","period":"","sign1":"","signd1":"","sign2":"","signd2":"","remark":"","_id":"8202109060000085"}
{"odr":6017,"belong":"成形加工研究室","idb":6,"name":"丸山　友樹","ide":86,"tel":"3505","memo":"","alunch":"","slunch":"○","kubun":"","dest":"","period":"","sign1":"","signd1":"","sign2":"","signd2":"","remark":"","_id":"8202109060000086"}
{"odr":6018,"belong":"成形加工研究室","idb":6,"name":"島村　真広","ide":87,"tel":"3321","memo":"育休<br>～2022年2月","alunch":"","slunch":"×","kubun":"休暇","dest":"","period":"","sign1":"","signd1":"","sign2":"","signd2":"","remark":"","_id":"8202109060000087"}
{"odr":6019,"belong":"成形加工研究室","idb":6,"name":"熊谷　拓甫","ide":88,"tel":"3403","memo":"","alunch":"","slunch":"○","kubun":"","dest":"","period":"","sign1":"","signd1":"","sign2":"","signd2":"","remark":"","_id":"8202109060000088"}
{"odr":6020,"belong":"成形加工研究室","idb":6,"name":"小川　智裕","ide":89,"tel":"3085","memo":"","alunch":"","slunch":"×","kubun":"","dest":"","period":"","sign1":"","signd1":"","sign2":"","signd2":"","remark":"","_id":"8202109060000089"}
{"odr":6021,"belong":"成形加工研究室","idb":6,"name":"平松　健太","ide":90,"tel":"3062","memo":"","alunch":"","slunch":"×","kubun":"","dest":"","period":"","sign1":"","signd1":"","sign2":"","signd2":"","remark":"","_id":"8202109060000090"}
{"odr":6022,"belong":"成形加工研究室","idb":6,"name":"篠﨑　瑞生","ide":91,"tel":"3601","memo":"","alunch":"","slunch":"○","kubun":"","dest":"","period":"","sign1":"","signd1":"","sign2":"","signd2":"","remark":"","_id":"8202109060000091"}
{"odr":6023,"belong":"成形加工研究室","idb":6,"name":"曽我　龍熙","ide":92,"tel":"3315","memo":"","alunch":"","slunch":"×","kubun":"","dest":"","period":"","sign1":"","signd1":"","sign2":"","signd2":"","remark":"","_id":"8202109060000092"}
{"odr":7001,"belong":"情報数理研究室","idb":7,"name":"清水　博長","ide":93,"tel":"3402","memo":"","alunch":"","slunch":"×","kubun":"","dest":"","period":"","sign1":"","signd1":"","sign2":"","signd2":"","remark":"","_id":"8202109060000093"}
{"odr":7002,"belong":"情報数理研究室","idb":7,"name":"鷲崎　俊朗","ide":94,"tel":"3400","memo":"","alunch":"","slunch":"×","kubun":"","dest":"","period":"","sign1":"","signd1":"","sign2":"","signd2":"","remark":"","_id":"8202109060000094"}
{"odr":7003,"belong":"情報数理研究室","idb":7,"name":"堀内　祥平","ide":95,"tel":"3408","memo":"","alunch":"","slunch":"×","kubun":"","dest":"","period":"","sign1":"","signd1":"","sign2":"","signd2":"","remark":"","_id":"8202109060000095"}
{"odr":7004,"belong":"情報数理研究室","idb":7,"name":"野村　哲郎","ide":96,"tel":"3404","memo":"","alunch":"","slunch":"×","kubun":"","dest":"","period":"","sign1":"","signd1":"","sign2":"","signd2":"","remark":"","_id":"8202109060000096"}
{"odr":7005,"belong":"情報数理研究室","idb":7,"name":"柏原　賢","ide":97,"tel":"3320","memo":"","alunch":"","slunch":"×","kubun":"","dest":"","period":"","sign1":"","signd1":"","sign2":"","signd2":"","remark":"","_id":"8202109060000097"}
{"odr":7006,"belong":"情報数理研究室","idb":7,"name":"赤松　慎也","ide":98,"tel":"3406","memo":"","alunch":"","slunch":"○","kubun":"","dest":"","period":"","sign1":"","signd1":"","sign2":"","signd2":"","remark":"","_id":"8202109060000098"}
{"odr":7007,"belong":"情報数理研究室","idb":7,"name":"田所　洋一","ide":99,"tel":"3411","memo":"","alunch":"","slunch":"○","kubun":"","dest":"","period":"","sign1":"","signd1":"","sign2":"","signd2":"","remark":"","_id":"8202109060000099"}
{"odr":7008,"belong":"情報数理研究室","idb":7,"name":"黒田　純司","ide":100,"tel":"3716","memo":"","alunch":"","slunch":"○","kubun":"","dest":"","period":"","sign1":"","signd1":"","sign2":"","signd2":"","remark":"","_id":"8202109060000100"}
{"odr":7009,"belong":"情報数理研究室","idb":7,"name":"中村　圭亨","ide":101,"tel":"3718","memo":"","alunch":"","slunch":"×","kubun":"","dest":"","period":"","sign1":"","signd1":"","sign2":"","signd2":"","remark":"","_id":"8202109060000101"}
{"odr":7010,"belong":"情報数理研究室","idb":7,"name":"原　萌子","ide":102,"tel":"3094","memo":"","alunch":"","slunch":"○","kubun":"","dest":"","period":"","sign1":"","signd1":"","sign2":"","signd2":"","remark":"","_id":"8202109060000102"}
{"odr":7011,"belong":"情報数理研究室","idb":7,"name":"張　捷","ide":103,"tel":"3407","memo":"","alunch":"","slunch":"×","kubun":"","dest":"","period":"","sign1":"","signd1":"","sign2":"","signd2":"","remark":"","_id":"8202109060000103"}
{"odr":7012,"belong":"情報数理研究室","idb":7,"name":"猪爪　誠太","ide":104,"tel":"3107","memo":"","alunch":"","slunch":"×","kubun":"","dest":"","period":"","sign1":"","signd1":"","sign2":"","signd2":"","remark":"","_id":"8202109060000104"}
{"odr":8001,"belong":"調査企画室","idb":8,"name":"吉田　充裕","ide":105,"tel":"3001","memo":"","alunch":"","slunch":"○","kubun":"","dest":"","period":"","sign1":"","signd1":"","sign2":"","signd2":"","remark":"","_id":"8202109060000105"}
{"odr":8002,"belong":"調査企画室","idb":8,"name":"中島　和輝","ide":106,"tel":"3606","memo":"","alunch":"","slunch":"○","kubun":"","dest":"","period":"","sign1":"","signd1":"","sign2":"","signd2":"","remark":"","_id":"8202109060000106"}
{"odr":8003,"belong":"調査企画室","idb":8,"name":"高橋　由紀子","ide":107,"tel":"3215","memo":"","alunch":"","slunch":"×","kubun":"","dest":"","period":"","sign1":"","signd1":"","sign2":"","signd2":"","remark":"","_id":"8202109060000107"}
{"odr":8004,"belong":"調査企画室","idb":8,"name":"村松　かんな","ide":108,"tel":"3705","memo":"","alunch":"","slunch":"×","kubun":"","dest":"","period":"","sign1":"","signd1":"","sign2":"","signd2":"","remark":"","_id":"8202109060000108"}
{"odr":9001,"belong":"特許室","idb":9,"name":"大森　仁","ide":109,"tel":"3065","memo":"","alunch":"","slunch":"×","kubun":"","dest":"","period":"","sign1":"","signd1":"","sign2":"","signd2":"","remark":"","_id":"8202109060000109"}
{"odr":9002,"belong":"特許室","idb":9,"name":"町井　昭彦","ide":110,"tel":"3060","memo":"","alunch":"","slunch":"○","kubun":"","dest":"","period":"","sign1":"","signd1":"","sign2":"","signd2":"","remark":"","_id":"8202109060000110"}
{"odr":9003,"belong":"特許室","idb":9,"name":"柏渕　リエ","ide":111,"tel":"3040","memo":"","alunch":"","slunch":"×","kubun":"","dest":"","period":"","sign1":"","signd1":"","sign2":"","signd2":"","remark":"","_id":"8202109060000111"}
{"odr":9004,"belong":"特許室","idb":9,"name":"太田　芳弘","ide":112,"tel":"3207","memo":"","alunch":"","slunch":"×","kubun":"","dest":"","period":"","sign1":"","signd1":"","sign2":"","signd2":"","remark":"","_id":"8202109060000112"}
{"odr":9005,"belong":"特許室","idb":9,"name":"渡部　光","ide":113,"tel":"3721","memo":"","alunch":"","slunch":"×","kubun":"","dest":"","period":"","sign1":"","signd1":"","sign2":"","signd2":"","remark":"","_id":"8202109060000113"}
{"odr":9006,"belong":"特許室","idb":9,"name":"青柳　水希","ide":114,"tel":"3100","memo":"","alunch":"","slunch":"×","kubun":"","dest":"","period":"","sign1":"","signd1":"","sign2":"","signd2":"","remark":"","_id":"8202109060000114"}
{"odr":10001,"belong":"事務室","idb":10,"name":"甲斐　正次郎","ide":115,"tel":"3611","memo":"","alunch":"","slunch":"○","kubun":"","dest":"","period":"","sign1":"","signd1":"","sign2":"","signd2":"","remark":"","_id":"8202109060000115"}
{"odr":10002,"belong":"事務室","idb":10,"name":"由井　義明","ide":116,"tel":"3319","memo":"","alunch":"","slunch":"×","kubun":"","dest":"","period":"","sign1":"","signd1":"","sign2":"","signd2":"","remark":"","_id":"8202109060000116"}
{"odr":10003,"belong":"事務室","idb":10,"name":"酒井　友弘","ide":117,"tel":"3098","memo":"","alunch":"","slunch":"○","kubun":"","dest":"","period":"","sign1":"","signd1":"","sign2":"","signd2":"","remark":"","_id":"8202109060000117"}
{"odr":10004,"belong":"事務室","idb":10,"name":"小磯　宣久","ide":118,"tel":"3099","memo":"","alunch":"","slunch":"○","kubun":"","dest":"","period":"","sign1":"","signd1":"","sign2":"","signd2":"","remark":"","_id":"8202109060000118"}
{"odr":10005,"belong":"事務室","idb":10,"name":"大島　美佳","ide":119,"tel":"3061","memo":"","alunch":"","slunch":"×","kubun":"","dest":"","period":"","sign1":"","signd1":"","sign2":"","signd2":"","remark":"","_id":"8202109060000119"}
{"odr":10006,"belong":"事務室","idb":10,"name":"多田　哲朗","ide":120,"tel":"3063","memo":"","alunch":"","slunch":"○","kubun":"","dest":"","period":"","sign1":"","signd1":"","sign2":"","signd2":"","remark":"","_id":"8202109060000120"}
{"odr":10007,"belong":"事務室","idb":10,"name":"木瀧　美奈子","ide":121,"tel":"3036","memo":"","alunch":"","slunch":"×","kubun":"","dest":"","period":"","sign1":"","signd1":"","sign2":"","signd2":"","remark":"","_id":"8202109060000121"}
{"odr":10008,"belong":"事務室","idb":10,"name":"江頭　　睦雄","ide":122,"tel":"3102","memo":"","alunch":"","slunch":"○","kubun":"","dest":"","period":"","sign1":"","signd1":"","sign2":"","signd2":"","remark":"","_id":"8202109060000122"}
