{"odr":17,"belong":"機能材料研究室","idb":2,"name":"櫻木　新","tel":"3700","memo":"","slunch":"○","_id":"8DEBwGYIvxw01095"}
{"odr":75,"belong":"成形加工研究室","idb":6,"name":"渡辺　和伸","tel":"3306","memo":"","slunch":"×","_id":"8DEBwGYIvxw02623"}
{"odr":101,"belong":"情報数理研究室","idb":7,"name":"黒田　純司","tel":"3716","memo":"","slunch":"○","_id":"8DEBwGYIvxw03028"}
{"odr":42,"belong":"包装材料研究室","idb":3,"name":"杉岡　沙耶","tel":"3714","memo":"","slunch":"○","_id":"8DEBwGYIvxw03895"}
{"odr":51,"belong":"包装材料研究室","idb":3,"name":"間嶋　健矢","tel":"3081","memo":"","slunch":"×","_id":"8DEBwGYIvxw04963"}
{"odr":13,"belong":"機能材料研究室","idb":2,"name":"柏倉　拓也","tel":"3110","memo":"","slunch":"○","_id":"8DEBwGYIvxw05367"}
{"odr":40,"belong":"包装材料研究室","idb":3,"name":"鶴田　一弘","tel":"3713","memo":"","slunch":"×","_id":"8DEBwGYIvxw06031"}
{"odr":41,"belong":"包装材料研究室","idb":3,"name":"柴田　幸樹","tel":"3717","memo":"","slunch":"○","_id":"8DEBwGYIvxw07099"}
{"odr":52,"belong":"包装材料研究室","idb":3,"name":"三木　祥平","tel":"3607","memo":"","slunch":"×","_id":"8DEBwGYIvxw10303"}
{"odr":76,"belong":"成形加工研究室","idb":6,"name":"國廣　一郎","tel":"3307","memo":"","slunch":"×","_id":"8DEBwGYIvxw10505"}
{"odr":78,"belong":"成形加工研究室","idb":6,"name":"末永　亮","tel":"3312","memo":"","slunch":"○","_id":"8DEBwGYIvxw10909"}
{"odr":67,"belong":"分析化学研究室","idb":5,"name":"笠井　杏","tel":"3108","memo":"","slunch":"○","_id":"8DEBwGYIvxw11168"}
{"odr":108,"belong":"調査企画室","idb":8,"name":"高橋　由紀子","tel":"3215","memo":"","slunch":"×","_id":"8DEBwGYIvxw13045"}
{"odr":43,"belong":"包装材料研究室","idb":3,"name":"赤羽根　敬弘","tel":"3083","memo":"","slunch":"×","_id":"8DEBwGYIvxw13508"}
{"odr":95,"belong":"情報数理研究室","idb":7,"name":"鷲崎　俊朗","tel":"3400","memo":"","slunch":"×","_id":"8DEBwGYIvxw15441"}
{"odr":89,"belong":"成形加工研究室","idb":6,"name":"熊谷　拓甫","tel":"3403","memo":"","slunch":"○","_id":"8DEBwGYIvxw15845"}
{"odr":32,"belong":"包装材料研究室","idb":3,"name":"長濵　英昭","tel":"3211","memo":"","slunch":"○","_id":"8DEBwGYIvxw17117"}
{"odr":122,"belong":"事務室","idb":10,"name":"多田　哲朗","tel":"3063","memo":"","slunch":"×","_id":"8DEBwGYIvxw20263"}
{"odr":80,"belong":"成形加工研究室","idb":6,"name":"青谷　正毅","tel":"3318","memo":"","slunch":"○","_id":"8DEBwGYIvxw20781"}
{"odr":113,"belong":"特許室","idb":9,"name":"太田　芳弘","tel":"3207","memo":"","slunch":"×","_id":"8DEBwGYIvxw21849"}
{"odr":35,"belong":"包装材料研究室","idb":3,"name":"井口　梓","tel":"3101","memo":"","slunch":"×","_id":"8DEBwGYIvxw22053"}
{"odr":117,"belong":"事務室","idb":10,"name":"渡辺　由美","tel":"3033","memo":"","slunch":"×","_id":"8DEBwGYIvxw22659"}
{"odr":112,"belong":"特許室","idb":9,"name":"柏渕　リエ","tel":"3040","memo":"","slunch":"×","_id":"8DEBwGYIvxw23322"}
{"odr":123,"belong":"事務室","idb":10,"name":"木瀧　美奈子","tel":"3036","memo":"","slunch":"×","_id":"8DEBwGYIvxw24795"}
{"odr":6,"belong":"機能材料研究室","idb":2,"name":"鈴木　太郎","tel":"3412","memo":"","slunch":"○","_id":"8DEBwGYIvxw25257"}
{"odr":94,"belong":"情報数理研究室","idb":7,"name":"清水　博長","tel":"3402","memo":"","slunch":"×","_id":"8DEBwGYIvxw25458"}
{"odr":109,"belong":"調査企画室","idb":8,"name":"村松　かんな","tel":"3705","memo":"","slunch":"×","_id":"8DEBwGYIvxw26122"}
{"odr":63,"belong":"生物化学研究室","idb":4,"name":"寿命　伸哉","tel":"3710","memo":"","slunch":"×","_id":"8DEBwGYIvxw26325"}
{"odr":57,"belong":"包装材料研究室","idb":3,"name":"古橋　越也","tel":"3326","memo":"","slunch":"○","_id":"8DEBwGYIvxw26730"}
{"odr":38,"belong":"包装材料研究室","idb":3,"name":"村上　卓生","tel":"3703","memo":"","slunch":"○","_id":"8DEBwGYIvxw27798"}
{"odr":21,"belong":"機能材料研究室","idb":2,"name":"西山　喬晴","tel":"3088","memo":"","slunch":"×","_id":"8DEBwGYIvxw28462"}
{"odr":74,"belong":"成形加工研究室","idb":6,"name":"山田　真司","tel":"3405","memo":"","slunch":"×","_id":"8DEBwGYIvxw29731"}
{"odr":4,"belong":"機能材料研究室","idb":2,"name":"大橋　和彰","tel":"3103","memo":"","slunch":"○","_id":"8DEBwGYIvxw29934"}
{"odr":27,"belong":"包装材料研究室","idb":3,"name":"湯淺　義之","tel":"3409","memo":"","slunch":"○","_id":"8DEBwGYIvxw30598"}
{"odr":72,"belong":"成形加工研究室","idb":6,"name":"奥山　美憲","tel":"3309","memo":"","slunch":"○","_id":"8DEBwGYIvxw31867"}
{"odr":23,"belong":"機能材料研究室","idb":2,"name":"簾　聡太郎","tel":"3610","memo":"","slunch":"○","_id":"8DEBwGYIvxw32330"}
{"odr":79,"belong":"成形加工研究室","idb":6,"name":"城石　亮蔵","tel":"3316","memo":"","slunch":"○","_id":"8DEBwGYIvxw32531"}
{"odr":28,"belong":"包装材料研究室","idb":3,"name":"川眞田　大輔","tel":"3212","memo":"","slunch":"○","_id":"8DEBwGYIvxw33398"}
{"odr":66,"belong":"分析化学研究室","idb":5,"name":"谷川　弥和子","tel":"3502","memo":"","slunch":"×","_id":"8DEBwGYIvxw35735"}
{"odr":60,"belong":"生物化学研究室","idb":4,"name":"片山　傳喜","tel":"3608","memo":"","slunch":"×","_id":"8DEBwGYIvxw35939"}
{"odr":84,"belong":"成形加工研究室","idb":6,"name":"松本　尚也","tel":"3327","memo":"","slunch":"×","_id":"8DEBwGYIvxw36140"}
{"odr":69,"belong":"分析化学研究室","idb":5,"name":"張　楠","tel":"3205","memo":"","slunch":"○","_id":"8DEBwGYIvxw37208"}
{"odr":98,"belong":"情報数理研究室","idb":7,"name":"柏原　賢","tel":"3320","memo":"","slunch":"×","_id":"8DEBwGYIvxw38276"}
{"odr":116,"belong":"事務室","idb":10,"name":"甲斐　正次郎","tel":"3611","memo":"","slunch":"○","_id":"8DEBwGYIvxw38681"}
{"odr":19,"belong":"機能材料研究室","idb":2,"name":"高山　圭将","tel":"3712","memo":"","slunch":"○","_id":"8DEBwGYIvxw39143"}
{"odr":22,"belong":"機能材料研究室","idb":2,"name":"山本　宏美","tel":"3089","memo":"","slunch":"○","_id":"8DEBwGYIvxw39807"}
{"odr":110,"belong":"特許室","idb":9,"name":"大森　仁","tel":"3065","memo":"","slunch":"×","_id":"8DEBwGYIvxw40008"}
{"odr":9,"belong":"機能材料研究室","idb":2,"name":"田中　郷史","tel":"3209","memo":"","slunch":"○","_id":"8DEBwGYIvxw41279"}
{"odr":54,"belong":"包装材料研究室","idb":3,"name":"野口　誠一郎","tel":"3325","memo":"","slunch":"×","_id":"8DEBwGYIvxw42347"}
{"odr":47,"belong":"包装材料研究室","idb":3,"name":"江幡　篤","tel":"3090","memo":"","slunch":"×","_id":"8DEBwGYIvxw43415"}
{"odr":103,"belong":"情報数理研究室","idb":7,"name":"原　萌子","tel":"3094","memo":"","slunch":"○","_id":"8DEBwGYIvxw43617"}
{"odr":90,"belong":"成形加工研究室","idb":6,"name":"小川　智裕","tel":"3085","memo":"","slunch":"×","_id":"8DEBwGYIvxw44280"}
{"odr":64,"belong":"分析化学研究室","idb":5,"name":"平川　叙夫","tel":"3501","memo":"","slunch":"○","_id":"8DEBwGYIvxw46215"}
{"odr":33,"belong":"包装材料研究室","idb":3,"name":"澤　芳樹","tel":"3091","memo":"","slunch":"○","_id":"8DEBwGYIvxw47284"}
{"odr":11,"belong":"機能材料研究室","idb":2,"name":"戸谷　貴彦","tel":"3217","memo":"","slunch":"○","_id":"8DEBwGYIvxw47688"}
{"odr":37,"belong":"包装材料研究室","idb":3,"name":"田口　智啓","tel":"3203","memo":"","slunch":"○","_id":"8DEBwGYIvxw48093"}
{"odr":7,"belong":"機能材料研究室","idb":2,"name":"小沢　和美","tel":"3113","memo":"","slunch":"×","_id":"8DEBwGYIvxw49420"}
{"odr":82,"belong":"成形加工研究室","idb":6,"name":"東　利房","tel":"3324","memo":"","slunch":"○","_id":"8DEBwGYIvxw50285"}
{"odr":29,"belong":"包装材料研究室","idb":3,"name":"宮井　智弘","tel":"3308","memo":"","slunch":"×","_id":"8DEBwGYIvxw51556"}
{"odr":114,"belong":"特許室","idb":9,"name":"渡部　光","tel":"3721","memo":"","slunch":"×","_id":"8DEBwGYIvxw52825"}
{"odr":24,"belong":"機能材料研究室","idb":2,"name":"池田　航歩","tel":"3106","memo":"","slunch":"○","_id":"8DEBwGYIvxw54760"}
{"odr":121,"belong":"事務室","idb":10,"name":"大島　美佳","tel":"3061","memo":"","slunch":"×","_id":"8DEBwGYIvxw55107"}
{"odr":12,"belong":"機能材料研究室","idb":2,"name":"南郷　瞬也","tel":"3317","memo":"","slunch":"○","_id":"8DEBwGYIvxw55569"}
{"odr":81,"belong":"成形加工研究室","idb":6,"name":"瀬上　幸太","tel":"3323","memo":"","slunch":"○","_id":"8DEBwGYIvxw56030"}
{"odr":3,"belong":"マテリアル研究部長","idb":1,"name":"石崎　庸一","tel":"3070","memo":"","slunch":"○","_id":"8DEBwGYIvxw56233"}
{"odr":56,"belong":"包装材料研究室","idb":3,"name":"門脇　菜穂","tel":"3313","memo":"","slunch":"○","_id":"8DEBwGYIvxw57301"}
{"odr":106,"belong":"調査企画室","idb":8,"name":"吉田　充裕","tel":"3001","memo":"","slunch":"○","_id":"8DEBwGYIvxw58830"}
{"odr":36,"belong":"包装材料研究室","idb":3,"name":"小林　祐介","tel":"3503","memo":"","slunch":"○","_id":"8DEBwGYIvxw59033"}
{"odr":115,"belong":"特許室","idb":9,"name":"青柳　水希","tel":"3100","memo":"","slunch":"×","_id":"8DEBwGYIvxw59898"}
{"odr":77,"belong":"成形加工研究室","idb":6,"name":"藍原　武志","tel":"3310","memo":"","slunch":"×","_id":"8DEBwGYIvxw60302"}
{"odr":31,"belong":"包装材料研究室","idb":3,"name":"田代　裕樹","tel":"3216","memo":"","slunch":"○","_id":"8DEBwGYIvxw60506"}
{"odr":87,"belong":"成形加工研究室","idb":6,"name":"丸山　友樹","tel":"3505","memo":"","slunch":"○","_id":"8DEBwGYIvxw60707"}
{"odr":25,"belong":"包装材料研究室","idb":3,"name":"阿久津　洋介","tel":"3200","memo":"","slunch":"○","_id":"8DEBwGYIvxw60910"}
{"odr":104,"belong":"情報数理研究室","idb":7,"name":"張　捷","tel":"3407","memo":"","slunch":"×","_id":"8DEBwGYIvxw60966"}
{"odr":92,"belong":"成形加工研究室","idb":6,"name":"篠﨑　瑞生","tel":"3601","memo":"","slunch":"○","_id":"8DEBwGYIvxw61775"}
{"odr":105,"belong":"情報数理研究室","idb":7,"name":"猪爪　誠太","tel":"3107","memo":"","slunch":"×","_id":"8DEBwGYIvxw62034"}
{"odr":124,"belong":"事務室","idb":10,"name":"江頭　睦雄","tel":"3102","memo":"","slunch":"○","_id":"8DEBwGYIvxw64316"}
{"odr":16,"belong":"機能材料研究室","idb":2,"name":"小関　修","tel":"3206","memo":"","slunch":"×","_id":"8DEBwGYIvxw65846"}
{"odr":49,"belong":"包装材料研究室","idb":3,"name":"福嶋　萩人","tel":"3066","memo":"","slunch":"○","_id":"8DEBwGYIvxw66914"}
{"odr":86,"belong":"成形加工研究室","idb":6,"name":"木村　諭男","tel":"3302","memo":"","slunch":"○","_id":"8DEBwGYIvxw68184"}
{"odr":48,"belong":"包装材料研究室","idb":3,"name":"島野　佳織","tel":"3093","memo":"","slunch":"×","_id":"8DEBwGYIvxw68387"}
{"odr":107,"belong":"調査企画室","idb":8,"name":"中島　和輝","tel":"3606","memo":"","slunch":"○","_id":"8DEBwGYIvxw68443"}
{"odr":30,"belong":"包装材料研究室","idb":3,"name":"阿久沢　典男","tel":"3210","memo":"","slunch":"×","_id":"8DEBwGYIvxw70523"}
{"odr":118,"belong":"事務室","idb":10,"name":"由井　義明","tel":"3319","memo":"","slunch":"×","_id":"8DEBwGYIvxw70724"}
{"odr":45,"belong":"包装材料研究室","idb":3,"name":"土屋　大地","tel":"3087","memo":"","slunch":"×","_id":"8DEBwGYIvxw71187"}
{"odr":55,"belong":"包装材料研究室","idb":3,"name":"室江　拓哉","tel":"3504","memo":"","slunch":"×","_id":"8DEBwGYIvxw71591"}
{"odr":96,"belong":"情報数理研究室","idb":7,"name":"堀内　祥平","tel":"3408","memo":"","slunch":"×","_id":"8DEBwGYIvxw72052"}
{"odr":10,"belong":"機能材料研究室","idb":2,"name":"緒方　章子","tel":"3112","memo":"","slunch":"×","_id":"8DEBwGYIvxw74796"}
{"odr":97,"belong":"情報数理研究室","idb":7,"name":"野村　哲郎","tel":"3404","memo":"","slunch":"×","_id":"8DEBwGYIvxw75661"}
{"odr":8,"belong":"機能材料研究室","idb":2,"name":"小坂　泰啓","tel":"3105","memo":"","slunch":"○","_id":"8DEBwGYIvxw76932"}
{"odr":99,"belong":"情報数理研究室","idb":7,"name":"赤松　慎也","tel":"3406","memo":"","slunch":"○","_id":"8DEBwGYIvxw76988"}
{"odr":15,"belong":"機能材料研究室","idb":2,"name":"三溝　真梨子","tel":"3097","memo":"","slunch":"×","_id":"8DEBwGYIvxw77596"}
{"odr":71,"belong":"成形加工研究室","idb":6,"name":"市川　健太郎","tel":"3304","memo":"","slunch":"○","_id":"8DEBwGYIvxw77797"}
{"odr":93,"belong":"成形加工研究室","idb":6,"name":"曽我　龍熙","tel":"3315","memo":"","slunch":"×","_id":"8DEBwGYIvxw79933"}
{"odr":70,"belong":"分析化学研究室","idb":5,"name":"木下　友貴","tel":"3709","memo":"","slunch":"○","_id":"8DEBwGYIvxw80192"}
{"odr":2,"belong":"プロセス研究部長<br>兼研究推進部長","idb":1,"name":"高尾　健一","tel":"3300","memo":"","slunch":"○","_id":"8DEBwGYIvxw80800"}
{"odr":20,"belong":"機能材料研究室","idb":2,"name":"生田目　大輔","tel":"3715","memo":"","slunch":"○","_id":"8DEBwGYIvxw81205"}
{"odr":1,"belong":"所長","idb":1,"name":"佐藤　一弘","tel":"3082","memo":"","slunch":"×","_id":"8DEBwGYIvxw81464"}
{"odr":5,"belong":"機能材料研究室","idb":2,"name":"苅部　林也","tel":"3095","memo":"","slunch":"×","_id":"8DEBwGYIvxw82273"}
{"odr":14,"belong":"機能材料研究室","idb":2,"name":"奥山　真平","tel":"3202","memo":"","slunch":"×","_id":"8DEBwGYIvxw82532"}
{"odr":102,"belong":"情報数理研究室","idb":7,"name":"中村　圭亨","tel":"3718","memo":"","slunch":"×","_id":"8DEBwGYIvxw82733"}
{"odr":88,"belong":"成形加工研究室","idb":6,"name":"島村　真広","tel":"3321","memo":"育休<br>～2021年8月","slunch":"×","_id":"8DEBwGYIvxw83138"}
{"odr":34,"belong":"包装材料研究室","idb":3,"name":"岩本　晋也","tel":"3111","memo":"","slunch":"○","_id":"8DEBwGYIvxw83341"}
{"odr":85,"belong":"成形加工研究室","idb":6,"name":"飯野　裕喜","tel":"3114","memo":"","slunch":"×","_id":"8DEBwGYIvxw83397"}
{"odr":44,"belong":"包装材料研究室","idb":3,"name":"市川　健司","tel":"3084","memo":"","slunch":"×","_id":"8DEBwGYIvxw84668"}
{"odr":68,"belong":"分析化学研究室","idb":5,"name":"大塚　貴子","tel":"3702","memo":"","slunch":"○","_id":"8DEBwGYIvxw84869"}
{"odr":46,"belong":"包装材料研究室","idb":3,"name":"伊藤　碧","tel":"3092","memo":"","slunch":"×","_id":"8DEBwGYIvxw85073"}
{"odr":91,"belong":"成形加工研究室","idb":6,"name":"平松　健太","tel":"3062","memo":"","slunch":"×","_id":"8DEBwGYIvxw85533"}
{"odr":120,"belong":"事務室","idb":10,"name":"小磯　宣久","tel":"3099","memo":"","slunch":"○","_id":"8DEBwGYIvxw85678"}
{"odr":65,"belong":"分析化学研究室","idb":5,"name":"細野　寛子","tel":"3500","memo":"","slunch":"○","_id":"8DEBwGYIvxw86545"}
{"odr":100,"belong":"情報数理研究室","idb":7,"name":"田所　洋一","tel":"3411","memo":"","slunch":"○","_id":"8DEBwGYIvxw87410"}
{"odr":39,"belong":"包装材料研究室","idb":3,"name":"駒形　大樹","tel":"3711","memo":"","slunch":"○","_id":"8DEBwGYIvxw88682"}
{"odr":26,"belong":"包装材料研究室","idb":3,"name":"山田　俊樹","tel":"3204","memo":"","slunch":"○","_id":"8DEBwGYIvxw89345"}
{"odr":61,"belong":"生物化学研究室","idb":4,"name":"山崎　隆明","tel":"3086","memo":"","slunch":"○","_id":"8DEBwGYIvxw90818"}
{"odr":58,"belong":"生物化学研究室","idb":4,"name":"一色　淳憲","tel":"3602","memo":"","slunch":"×","_id":"8DEBwGYIvxw91886"}
{"odr":83,"belong":"成形加工研究室","idb":6,"name":"國則　正弘","tel":"3311","memo":"","slunch":"×","_id":"8DEBwGYIvxw94078"}
{"odr":53,"belong":"包装材料研究室","idb":3,"name":"小林　楓","tel":"3109","memo":"","slunch":"○","_id":"8DEBwGYIvxw94281"}
{"odr":18,"belong":"機能材料研究室","idb":2,"name":"八木澤　美理","tel":"3706","memo":"","slunch":"×","_id":"8DEBwGYIvxw95349"}
{"odr":73,"belong":"成形加工研究室","idb":6,"name":"小林　具実","tel":"3080","memo":"","slunch":"×","_id":"8DEBwGYIvxw96214"}
{"odr":59,"belong":"生物化学研究室","idb":4,"name":"大津　貴義","tel":"3603","memo":"","slunch":"○","_id":"8DEBwGYIvxw96418"}
{"odr":50,"belong":"包装材料研究室","idb":3,"name":"前田　慎一郎","tel":"3071","memo":"","slunch":"○","_id":"8DEBwGYIvxw97890"}
{"odr":111,"belong":"特許室","idb":9,"name":"町井　昭彦","tel":"3060","memo":"","slunch":"○","_id":"8DEBwGYIvxw98351"}
{"odr":62,"belong":"生物化学研究室","idb":4,"name":"道志　弘輝","tel":"3701","memo":"","slunch":"○","_id":"8DEBwGYIvxw99622"}
{"odr":119,"belong":"事務室","idb":10,"name":"酒井　友弘","tel":"3098","memo":"","slunch":"○","_id":"8DEBwGYIvxw99969"}
