{"day":"2021-07-22","_id":"1JyIgU3ba6KtltHK"}
{"day":"2020-12-29","_id":"1lnfN5C1BipCIpry"}
{"day":"2021-01-04","_id":"27fJmVvHxBf4yf5b"}
{"day":"2021-01-01","_id":"5TlPz9gg85gpLs3U"}
{"day":"2022-02-23","_id":"6VfxQVhJPtaqhFBT"}
{"day":"2021-12-31","_id":"DssFAVt49VkacING"}
{"day":"2020-12-31","_id":"Enr4Aow4K35J3F4A"}
{"day":"2022-02-11","_id":"EsGs1aM57rtUlq5f"}
{"day":"2022-03-21","_id":"FdjH71gyMHqayUlq"}
{"day":"2022-01-03","_id":"HZ9Au8SWpLyiaUAR"}
{"day":"2021-12-30","_id":"Kp9D3y6GRXaD17EH"}
{"day":"2021-09-23","_id":"MnZ4EqFjHEGP4tOd"}
{"day":"2020-12-30","_id":"QQLzkTuyU8uFDQVi"}
{"day":"2021-12-29","_id":"fZhVv6kwNf4W1weR"}
{"day":"2021-08-09","_id":"fZhVv6kwNf4W1wjj"}
{"day":"2022-01-04","_id":"kJPOT13vgpfzRxLG"}
{"day":"2022-01-10","_id":"mWJrZsVYmmHSaLfj"}
{"day":"2021-11-23","_id":"wD3swzr4nR5GB62e"}
{"day":"2021-07-23","_id":"y6SPPxCWg7UTkkWA"}
{"day":"2021-09-20","_id":"yLCDWcWoIZ6zwTky"}
