{"idm":3,"fullname":"ES3000","dispname":"ES3000","odr":3,"_id":"IyKjIoRf6JP0vKjX"}
{"idm":5,"fullname":"結晶化HT1","dispname":"HT1","odr":5,"_id":"TAgWm9Clue87ggv7"}
{"idm":4,"fullname":"NEX140","dispname":"NEX140","odr":4,"_id":"ZOLgVCqi4GUT0IiE"}
{"idm":6,"fullname":"結晶化HT2","dispname":"HT2","odr":6,"_id":"ZRKa8cZD1bFhp762"}
{"idm":7,"fullname":"二色成形機","dispname":"二色","odr":7,"_id":"gUZmUnxRiUvMRBje"}
{"idm":1,"fullname":"NEX110","dispname":"NEX110","odr":1,"_id":"mPchZWIzmBsrw0ip"}
{"idm":2,"fullname":"NEX2000","dispname":"NEX2000","odr":2,"_id":"vUQ42tS4kEOby4UC"}
