{"id":4,"inj_machine":3,"name":"高橋","summary":"テスト４","start_date":"2021-01-01","end_date":"2021-01-05","color":"#fffff0","created_at":"Thu Jan 28 2021 05:18:08 GMT+0900 (日本標準時)","iserr":0,"_id":"0Rt8jeXtwzugzlfR"}
{"id":7,"inj_machine":1,"name":"test","summary":"test","start_date":"2021-04-08","end_date":"2021-04-14","color":"#fba5f8","iserr":0,"created_at":"Thu Apr 08 2021 05:36:04 GMT+0900 (日本標準時)","_id":"0ScyBaLuWB1FLkju"}
{"id":5,"inj_machine":4,"name":"渡邊","summary":"テスト５","start_date":"2021-01-01","end_date":"2021-01-05","color":"#0f0f00","created_at":"Thu Jan 28 2021 05:18:34 GMT+0900 (日本標準時)","iserr":0,"_id":"1jDvU3rpDoTSjNvs"}
{"id":3,"inj_machine":2,"name":"山田","summary":"テスト３","start_date":"2021-01-01","end_date":"2021-01-05","color":"#00ff00","created_at":"Thu Jan 28 2021 05:19:03 GMT+0900 (日本標準時)","iserr":0,"_id":"1mSR6M1VwjUBV3qC"}
{"id":8,"inj_machine":3,"name":"1232147821974","summary":"382947384713894718471471401491840919","start_date":"2021-04-13","end_date":"2021-04-14","color":"#ccb6e8","iserr":0,"created_at":"Fri Apr 09 2021 06:29:37 GMT+0900 (日本標準時)","_id":"4e2iMAFiF0MInXoh"}
{"id":2,"inj_machine":1,"name":"佐藤","summary":"テスト２","start_date":"2021-01-20","end_date":"2021-01-29","color":"#ff0000","created_at":"Thu Jan 28 2021 05:19:03 GMT+0900 (日本標準時)","iserr":0,"_id":"6ZrGUdBEeARXRZCd"}
{"id":10,"inj_machine":3,"name":"asdfdsa","summary":"qwerewq","start_date":"2021-04-22","end_date":"2021-04-23","color":"#f49290","iserr":0,"created_at":"Sun Apr 11 2021 05:27:35 GMT+0900 (日本標準時)","_id":"CWi8tcb5QyUkuMMF"}
{"id":1,"inj_machine":1,"name":"鈴木","summary":"テスト１","start_date":"2021-01-01","end_date":"2021-01-05","color":"#ffff00","created_at":"Thu Jan 28 2021 05:18:43 GMT+0900 (日本標準時)","iserr":0,"_id":"MuHVQpJJkM09PmwO"}
{"id":6,"inj_machine":5,"name":"菅","summary":"テスト６","start_date":"2021-01-06","end_date":"2021-01-10","color":"#ffff00","created_at":"Sat Jan 23 2021 12:50:25 GMT+0900 (日本標準時)","iserr":0,"_id":"OjWu6gFB2LcdudNU"}
{"id":9,"inj_machine":1,"name":"abc","summary":"acde","start_date":"2021-04-21","end_date":"2021-04-22","color":"#d2b8da","iserr":0,"created_at":"Sun Apr 11 2021 05:18:41 GMT+0900 (日本標準時)","_id":"TcD8B7WPNkq7kf0T"}
